song,artist,true_genre,forced_cluster_35,natural_cluster
Soweto Groove feat. Sipho Magudulela feat. Jay Sax.mp3,Unknown,Amapiano,11,7
Diamonds On My Mind.mp3,Unknown,Mainstage,30,7
Gritti.mp3,Unknown,Electro (Classic - Detroit - Modern),22,1
Low Tide.mp3,Unknown,Progressive House,32,8
Afro Disco.mp3,Unknown,Nu Disco - Disco,12,3
I Wanna Sex U Up.mp3,Unknown,Funky House,30,7
Drahilius.mp3,Unknown,Downtempo,22,1
Obsession.mp3,Unknown,Jackin House,7,5
Mon Amour.mp3,Unknown,Indie Dance,0,7
Alchemist.mp3,Unknown,Organic House,32,7
Tangie Haze.mp3,Unknown,Progressive House,32,7
4 me.mp3,Unknown,Nu Disco - Disco,7,5
Love Spell.mp3,Unknown,Mainstage,19,7
You Must Feel.mp3,Unknown,House,19,7
Like Dat.mp3,Unknown,Afro House,11,8
I Was Made For Lovin' You.mp3,Unknown,Electronica,19,8
Ring of Chain.mp3,Unknown,Progressive House,22,1
People of Babylon.mp3,Unknown,Organic House,19,7
The Sirens.mp3,Unknown,Organic House,32,7
Life Aquatic.mp3,Unknown,Bass - Club,17,7
Ratenplan.mp3,Unknown,Trance (Raw - Deep - Hypnotic),1,1
Finder.mp3,Unknown,Deep House,11,8
Moeko.mp3,Unknown,Organic House,30,7
Fantazia.mp3,Unknown,Trance (Raw - Deep - Hypnotic),0,7
Territory.mp3,Unknown,Electronica,11,8
Heaven feat. Andreya Triana.mp3,Unknown,Nu Disco - Disco,6,3
Silver Moon.mp3,Unknown,Funky House,30,7
Lunar.mp3,Unknown,Trance (Main Floor),14,8
Feed My Soul.mp3,Unknown,Drum & Bass,16,7
Work It Out.mp3,Unknown,Jackin House,17,7
Tones of Resilience.mp3,Unknown,Trance (Raw - Deep - Hypnotic),29,8
Back to Black (feat. VALL).mp3,Unknown,Indie Dance,19,7
WOMP WORLD.mp3,Unknown,Dubstep,8,3
I Love To Get Down.mp3,Unknown,Jackin House,0,7
We You.mp3,Unknown,Melodic House & Techno,11,7
Can't Help But Worry (That You Don't Feel The Same).mp3,Unknown,Melodic House & Techno,0,7
All In Me.mp3,Unknown,Funky House,30,7
Make Me.mp3,Unknown,Breaks - Breakbeat - UK Bass,29,8
OM.mp3,Unknown,Progressive House,11,7
The Phoenix.mp3,Unknown,Deep House,1,1
Hey Homie.mp3,Unknown,Trap - Future Bass,9,5
Goat.mp3,Unknown,Amapiano,30,7
Regrette.mp3,Unknown,Mainstage,29,8
Menealo.mp3,Unknown,Afro House,7,5
Listen 2 Da Sound.mp3,Unknown,UK Garage - Bassline,17,7
One Of These Mornings.mp3,Unknown,Dubstep,6,3
3 Days Later.mp3,Unknown,Melodic House & Techno,11,7
Silver Lining.mp3,Unknown,Organic House,32,8
Mind.mp3,Unknown,Melodic House & Techno,32,8
One Shot.mp3,Unknown,140 - Deep Dubstep - Grime,24,5
6 Pack.mp3,Unknown,Indie Dance,32,7
PICK UP THE PHONE (feat. Nate Dogg).mp3,Unknown,House,1,1
What What.mp3,Unknown,Tech House,0,7
Welcome To 012 (feat. Mellow & Sleazy).mp3,Unknown,Amapiano,30,7
I Know What You Want.mp3,Unknown,Techno (Raw - Deep - Hypnotic),22,1
Just The Two Of Us.mp3,Unknown,Nu Disco - Disco,30,7
Demon Time.mp3,Unknown,Minimal - Deep Tech,17,7
Cry For You (Extended Mix).mp3,Unknown,Nu Disco - Disco,32,8
Mack is Back.mp3,Unknown,Funky House,30,7
Give Me Your Love (Baby) (Zero Extended Remix).mp3,Unknown,Electronica,7,5
YoYo Disco.mp3,Unknown,Nu Disco - Disco,12,3
Forever Young.mp3,Unknown,Dance - Pop,32,8
Rave Generator.mp3,Unknown,House,22,1
On My Mind.mp3,Unknown,Dance - Pop,17,7
Taboo.mp3,Unknown,Breaks - Breakbeat - UK Bass,17,7
palm of my hands.mp3,Unknown,Tech House,19,7
Fancy.mp3,Unknown,Jackin House,30,7
Who We Are.mp3,Unknown,Trance (Main Floor),32,7
Protocode.mp3,Unknown,Electro (Classic - Detroit - Modern),22,1
Another World.mp3,Unknown,Afro House,4,8
Still Trusttt.mp3,Unknown,Minimal - Deep Tech,7,5
Moody.mp3,Unknown,Afro House,29,8
Dancing Queen.mp3,Unknown,Funky House,4,7
Free Your Mind.mp3,Unknown,Mainstage,29,8
Up Funk.mp3,Unknown,Funky House,30,7
Gimme! Gimme! Gimme!.mp3,Unknown,Nu Disco - Disco,19,7
Soulseeker.mp3,Unknown,Deep House,1,1
Karma.mp3,Unknown,Progressive House,1,1
Mu.mp3,Unknown,Downtempo,11,8
I Go.mp3,Unknown,Indie Dance,19,7
Lady Luck.mp3,Unknown,Downtempo,11,8
Dopamine.mp3,Unknown,Progressive House,32,7
Change.mp3,Unknown,Afro House,32,8
Desperadio.mp3,Unknown,Deep House,22,1
PATT (Party All The Time).mp3,Unknown,Mainstage,29,8
On My Mind.mp3,Unknown,Nu Disco - Disco,6,3
Flashdance.mp3,Unknown,Melodic House & Techno,6,3
Saving Up.mp3,Unknown,Mainstage,19,7
Lately.mp3,Unknown,Deep House,30,7
Convex.mp3,Unknown,Electro (Classic - Detroit - Modern),3,4
You Got My Love.mp3,Unknown,Deep House,12,3
Out of Reach.mp3,Unknown,Progressive House,22,1
BEATS FOR THE UNDERGROUND.mp3,Unknown,Tech House,30,7
New Generation.mp3,Unknown,Techno (Peak Time - Driving),29,8
Don't Worry.mp3,Unknown,Jackin House,0,7
Techno Music.mp3,Unknown,Techno (Peak Time - Driving),29,8
In&Out.mp3,Unknown,House,30,7
Who Loves The Sun.mp3,Unknown,Organic House,11,8
Natural Connection.mp3,Unknown,Psy-Trance,22,1
These Are Just Places To Me Now.mp3,Unknown,Deep House,32,7
Bass Up To The Top.mp3,Unknown,Minimal - Deep Tech,0,7
Baba Wethu.mp3,Unknown,Amapiano,11,7
Freaks Don't Sleep.mp3,Unknown,Jackin House,30,7
All Night.mp3,Unknown,Funky House,12,3
Bottom of the Rave.mp3,Unknown,House,6,3
Masphuzeni.mp3,Unknown,Amapiano,29,8
The Rapture Pt.III.mp3,Unknown,Melodic House & Techno,11,8
Love Me.mp3,Unknown,Jackin House,30,7
Be Real.mp3,Unknown,Deep House,7,5
Uchi Mata.mp3,Unknown,Organic House,1,1
Bushido.mp3,Unknown,Organic House,22,1
This Rhythm (feat. RAHH).mp3,Unknown,House,7,5
Iruka.mp3,Unknown,Techno (Raw - Deep - Hypnotic),29,8
Do It Like That.mp3,Unknown,Minimal - Deep Tech,1,1
Telomeres.mp3,Unknown,Progressive House,22,1
Bass Jumpin' (Sweat) (Extended).mp3,Unknown,House,19,7
Feel So Right.mp3,Unknown,House,1,1
Silver Current.mp3,Unknown,Trance (Raw - Deep - Hypnotic),22,1
Want U.mp3,Unknown,Trance (Raw - Deep - Hypnotic),4,8
Claw.mp3,Unknown,140 - Deep Dubstep - Grime,24,5
Vancouver.mp3,Unknown,Bass - Club,24,5
Macarronada.mp3,Unknown,Minimal - Deep Tech,1,1
Whisper.mp3,Unknown,Organic House,32,7
Bleep Machine.mp3,Unknown,Techno (Raw - Deep - Hypnotic),19,8
Hypnotized.mp3,Unknown,Melodic House & Techno,29,8
Delante.mp3,Unknown,Techno (Peak Time - Driving),29,8
Untitled Shuffle.mp3,Unknown,Bass - Club,17,7
Turn On The Lights again.. (feat. Future & Fred again..).mp3,Unknown,Melodic House & Techno,4,8
B27.mp3,Unknown,Progressive House,29,8
Blackout.mp3,Unknown,Progressive House,32,8
Do Ma Ting.mp3,Unknown,Electro (Classic - Detroit - Modern),22,1
BBY.mp3,Unknown,UK Garage - Bassline,0,7
Double Tap.mp3,Unknown,Trance (Main Floor),26,8
The Jam.mp3,Unknown,House,0,7
Love affairs.mp3,Unknown,Amapiano,9,5
Ibiza Nights.mp3,Unknown,Tech House,19,7
Keep It Up.mp3,Unknown,Deep House,19,7
Parallels.mp3,Unknown,Electronica,33,7
All We Need (Deep Inside).mp3,Unknown,House,19,7
Beggin.mp3,Unknown,Funky House,30,7
6am.mp3,Unknown,140 - Deep Dubstep - Grime,24,5
Ticon.mp3,Unknown,Electronica,11,8
Paradise.mp3,Unknown,Dance - Pop,14,8
WHO?.mp3,Unknown,Melodic House & Techno,1,1
Ease My Mind.mp3,Unknown,House,11,7
Party People.mp3,Unknown,Tech House,1,1
Hiv_Pt3.mp3,Unknown,Amapiano,9,5
eGagasini.mp3,Unknown,Amapiano,9,5
Filter Funk.mp3,Unknown,Jackin House,30,7
Mary Jane Girls All Night Long.mp3,Unknown,Trap - Future Bass,7,5
Two Times.mp3,Unknown,Jackin House,17,7
Black Betty.mp3,Unknown,Mainstage,19,8
Busy Lives.mp3,Unknown,Downtempo,11,8
Liberty.mp3,Unknown,Trance (Main Floor),14,8
No Fear.mp3,Unknown,Techno (Peak Time - Driving),29,7
Detox.mp3,Unknown,Techno (Raw - Deep - Hypnotic),32,7
Phasic Reflex.mp3,Unknown,Electro (Classic - Detroit - Modern),22,1
World Hold On feat. Steve Edwards.mp3,Unknown,House,30,7
Cherry Blossom.mp3,Unknown,Melodic House & Techno,32,7
ILIKEU feat. Duckwrth.mp3,Unknown,Electronica,17,7
We Luv.mp3,Unknown,House,30,7
All My Love.mp3,Unknown,Jackin House,0,7
New Bottega feat. AYYBO.mp3,Unknown,Bass House,17,7
Condor.mp3,Unknown,Progressive House,22,1
Soul Fresh.mp3,Unknown,Jackin House,1,1
girl$.mp3,Unknown,Techno (Peak Time - Driving),20,5
Mosaic.mp3,Unknown,Downtempo,22,1
Remember Me.mp3,Unknown,Progressive House,1,1
Origen.mp3,Unknown,Downtempo,34,1
Meganomial.mp3,Unknown,Electro (Classic - Detroit - Modern),29,7
Sands of Time.mp3,Unknown,Psy-Trance,19,7
Majnuna.mp3,Unknown,Afro House,22,1
Skanner Power.mp3,Unknown,140 - Deep Dubstep - Grime,33,7
Satisfaction.mp3,Unknown,Mainstage,6,3
Can Feel The Music.mp3,Unknown,Nu Disco - Disco,20,5
Keep It Exciting.mp3,Unknown,Dance - Pop,0,7
Make Me.mp3,Unknown,House,19,7
Control.mp3,Unknown,140 - Deep Dubstep - Grime,17,7
About To Lose It.mp3,Unknown,Tech House,29,8
Hammerhead.mp3,Unknown,Bass - Club,12,3
Cosmic Girl.mp3,Unknown,Jackin House,30,7
WET.mp3,Unknown,Bass House,17,7
Blink.mp3,Unknown,Indie Dance,32,7
Logical Cybernetics.mp3,Unknown,Electro (Classic - Detroit - Modern),22,1
Bad Boy.mp3,Unknown,Melodic House & Techno,24,5
Defiant.mp3,Unknown,Melodic House & Techno,4,7
Blue Berries.mp3,Unknown,House,30,7
Surge.mp3,Unknown,Progressive House,1,1
Cognitive Robotics.mp3,Unknown,Electro (Classic - Detroit - Modern),1,1
Gaufrette.mp3,Unknown,Organic House,22,1
uMsholozi.mp3,Unknown,Amapiano,9,5
The Poison.mp3,Unknown,Hard Techno,15,5
Fallin'.mp3,Unknown,Afro House,32,8
Count On It.mp3,Unknown,Electro (Classic - Detroit - Modern),22,1
Secret.mp3,Unknown,Downtempo,0,8
Bugga Boo.mp3,Unknown,Funky House,20,5
Bring Me Up.mp3,Unknown,Jackin House,4,7
Smiley.mp3,Unknown,Electro (Classic - Detroit - Modern),5,6
Gospel.mp3,Unknown,Organic House,32,7
Stereodrama.mp3,Unknown,Deep House,11,7
Dopamine Rush.mp3,Unknown,Techno (Raw - Deep - Hypnotic),22,1
ZWEI.mp3,Unknown,Techno (Raw - Deep - Hypnotic),22,1
About Damn Time.mp3,Unknown,Nu Disco - Disco,12,3
Mambisa 011.mp3,Unknown,Amapiano,11,7
Persist.mp3,Unknown,Afro House,32,8
Genesis.mp3,Unknown,Drum & Bass,16,7
Ocean.mp3,Unknown,Tech House,30,7
Broken Memories.mp3,Unknown,Electronica,32,8
Beso (Fruta Fresca).mp3,Unknown,Afro House,7,5
set me free.mp3,Unknown,Dance - Pop,14,8
Beat Of An Era.mp3,Unknown,Deep House,19,7
Get Down It.mp3,Unknown,Funky House,30,7
Shakedown.mp3,Unknown,Organic House,1,1
Time.mp3,Unknown,Electro (Classic - Detroit - Modern),1,1
Let It Ride.mp3,Unknown,Afro House,29,8
Tell Me Why.mp3,Unknown,Melodic House & Techno,14,8
Je Suis Music.mp3,Unknown,Nu Disco - Disco,19,7
Dance With Ibiza.mp3,Unknown,Indie Dance,1,1
Sunsleeper.mp3,Unknown,Nu Disco - Disco,32,7
Science.mp3,Unknown,Electro (Classic - Detroit - Modern),1,1
Spacer.mp3,Unknown,Nu Disco - Disco,9,5
FOCUS.mp3,Unknown,Trap - Future Bass,8,3
Are They Real.mp3,Unknown,Nu Disco - Disco,30,7
Full Clip.mp3,Unknown,Minimal - Deep Tech,12,3
Winged.mp3,Unknown,Organic House,22,1
Inside of Me.mp3,Unknown,Ambient - Experimental,14,8
Zoa.mp3,Unknown,Downtempo,11,8
Body Funk.mp3,Unknown,Nu Disco - Disco,11,7
Do You Wanna Dance.mp3,Unknown,Jackin House,30,7
What's A Girl To Do.mp3,Unknown,Dance - Pop,30,7
All For You.mp3,Unknown,Afro House,14,8
KFIL.mp3,Unknown,Progressive House,20,5
Grisch.mp3,Unknown,Techno (Raw - Deep - Hypnotic),22,1
Come With Us.mp3,Unknown,Indie Dance,19,7
Nonstop.mp3,Unknown,Bass House,19,7
Hennessy.mp3,Unknown,Electro (Classic - Detroit - Modern),3,4
Family.mp3,Unknown,Bass House,19,7
Disoriented.mp3,Unknown,Ambient - Experimental,31,3
Like That.mp3,Unknown,140 - Deep Dubstep - Grime,24,5
Broken Mind.mp3,Unknown,Electro (Classic - Detroit - Modern),19,7
Kaskade.mp3,Unknown,Trance (Raw - Deep - Hypnotic),1,1
Lost & Found.mp3,Unknown,House,0,7
Come On Back With Your Love.mp3,Unknown,Minimal - Deep Tech,1,1
Feel feat. Jacob Banks.mp3,Unknown,Electronica,19,7
My Pure Soul.mp3,Unknown,Organic House,22,1
Beat Of Your Heart.mp3,Unknown,Nu Disco - Disco,9,5
Body Whispers.mp3,Unknown,Techno (Raw - Deep - Hypnotic),22,1
Morning Call.mp3,Unknown,Indie Dance,32,7
2611.mp3,Unknown,Hard Dance - Hardcore - Neo Rave,26,8
Bass & Drum.mp3,Unknown,Amapiano,33,7
Sammy's Grüv.mp3,Unknown,Jackin House,12,3
Saving Up.mp3,Unknown,Dance - Pop,19,7
MOVEMENT!.mp3,Unknown,Bass House,7,5
I Was Made For Lovin' You.mp3,Unknown,Dance - Pop,19,8
Siamba.mp3,Unknown,Organic House,32,8
Free Ur Mind.mp3,Unknown,Funky House,30,7
Say What (feat. Chuala).mp3,Unknown,Afro House,32,8
I Don't Flex.mp3,Unknown,Hard Dance - Hardcore - Neo Rave,13,8
Back 2 Dance.mp3,Unknown,Drum & Bass,16,7
Back2.mp3,Unknown,Techno (Raw - Deep - Hypnotic),13,8
Intliziyo.mp3,Unknown,Amapiano,11,7
Samba de Janeiro.mp3,Unknown,Mainstage,0,7
HYPNOSIS.mp3,Unknown,Bass House,1,1
In My Head.mp3,Unknown,Mainstage,29,8
Who's That Girl.mp3,Unknown,Tech House,1,1
Venus.mp3,Unknown,Funky House,30,7
Falling Up.mp3,Unknown,Dance - Pop,17,7
Up N Down.mp3,Unknown,Tech House,19,8
Brazilian.mp3,Unknown,Breaks - Breakbeat - UK Bass,17,7
Club 69.mp3,Unknown,Jackin House,19,7
One Time.mp3,Unknown,Trap - Future Bass,4,7
Hamunaptra.mp3,Unknown,Organic House,1,1
Zulu.mp3,Unknown,Amapiano,11,7
No Way Back.mp3,Unknown,Minimal - Deep Tech,1,1
Far Away.mp3,Unknown,Techno (Peak Time - Driving),19,7
Last Dance.mp3,Unknown,Afro House,11,8
Disco Bumpin.mp3,Unknown,Minimal - Deep Tech,1,1
Party Trick.mp3,Unknown,Indie Dance,17,7
WHOA!.mp3,Unknown,Bass House,12,3
Destroy.mp3,Unknown,Breaks - Breakbeat - UK Bass,19,7
The Dream Of Life.mp3,Unknown,Jackin House,7,5
Sliding Em.mp3,Unknown,Minimal - Deep Tech,17,7
Side 2 Side.mp3,Unknown,Bass House,17,7
Hair of the dog.mp3,Unknown,Downtempo,22,1
Move Your Body.mp3,Unknown,Bass House,17,7
E Samba.mp3,Unknown,Nu Disco - Disco,32,7
Flow.mp3,Unknown,Progressive House,32,7
Xtatic.mp3,Unknown,Electro (Classic - Detroit - Modern),1,1
Mamacita.mp3,Unknown,Indie Dance,1,1
Dope.mp3,Unknown,140 - Deep Dubstep - Grime,24,5
Yeah Right.mp3,Unknown,140 - Deep Dubstep - Grime,33,7
Warehouse Beats.mp3,Unknown,Techno (Raw - Deep - Hypnotic),22,1
Walking On A Dream.mp3,Unknown,Deep House,30,7
Winterfell.mp3,Unknown,Organic House,1,1
Let's Go.mp3,Unknown,Dance - Pop,19,7
Counting.mp3,Unknown,UK Garage - Bassline,7,5
Voice Recognition feat. Leo Wood.mp3,Unknown,Electronica,32,8
It's Gonna Be Perfect.mp3,Unknown,Electronica,4,7
All You Children.mp3,Unknown,Indie Dance,29,8
Freak.mp3,Unknown,Tech House,0,7
Voices In My Head.mp3,Unknown,Melodic House & Techno,29,8
It Feels So Good.mp3,Unknown,Dance - Pop,19,7
Supahstar.mp3,Unknown,Funky House,30,7
Like That.mp3,Unknown,Afro House,32,8
I Feel Like.mp3,Unknown,Amapiano,12,3
Parallel Shift.mp3,Unknown,Electro (Classic - Detroit - Modern),22,1
When I Push.mp3,Unknown,Techno (Peak Time - Driving),29,8
Turn It Up.mp3,Unknown,Electro (Classic - Detroit - Modern),1,1
Yoka.mp3,Unknown,Organic House,14,8
Neverender.mp3,Unknown,Afro House,32,7
fukUup.mp3,Unknown,Trap - Future Bass,8,3
Summertime Blues.mp3,Unknown,Tech House,19,7
Lola's Theme.mp3,Unknown,Nu Disco - Disco,20,5
Mezcal Bounce.mp3,Unknown,Minimal - Deep Tech,0,7
Keep On.mp3,Unknown,Deep House,11,7
Say Again.mp3,Unknown,Trance (Raw - Deep - Hypnotic),19,7
Luv Don't Cost Nothing.mp3,Unknown,Funky House,30,7
RUM PUNCH.mp3,Unknown,Amapiano,34,1
on & on.mp3,Unknown,UK Garage - Bassline,7,5
Olive Oil.mp3,Unknown,Deep House,7,5
Fall In Love.mp3,Unknown,House,19,7
Tulum.mp3,Unknown,Organic House,1,1
Move (feat. Malachiii).mp3,Unknown,Afro House,11,8
Sleepyhead 2025.mp3,Unknown,Dance - Pop,6,3
Breather.mp3,Unknown,Deep House,0,7
Rakfunk.mp3,Unknown,Mainstage,22,1
CANT U HEAR ME.mp3,Unknown,Melodic House & Techno,32,8
Cryptic.mp3,Unknown,Hard Techno,13,8
Pump It Up.mp3,Unknown,Breaks - Breakbeat - UK Bass,4,8
Smooth Operator.mp3,Unknown,Nu Disco - Disco,19,7
It's A Vibe.mp3,Unknown,Breaks - Breakbeat - UK Bass,33,7
Wile Out (feat. Surya Sen).mp3,Unknown,Afro House,0,7
The Shame.mp3,Unknown,Ambient - Experimental,6,3
Nox.mp3,Unknown,Progressive House,1,1
Basement Room.mp3,Unknown,Deep House,30,7
Era vitale.mp3,Unknown,Ambient - Experimental,11,8
Deserved.mp3,Unknown,Downtempo,11,8
Gloria.mp3,Unknown,Dance - Pop,6,3
Drumpattern.mp3,Unknown,Downtempo,11,8
Ready 2 Go.mp3,Unknown,Jackin House,17,7
Cool Alpaca.mp3,Unknown,Progressive House,1,1
Bounce.mp3,Unknown,Bass - Club,0,7
Pumping Around.mp3,Unknown,Funky House,30,7
White Sun.mp3,Unknown,Progressive House,22,1
One Night Of Love.mp3,Unknown,Dance - Pop,4,8
It Clicked.mp3,Unknown,Bass House,19,7
Pom Da Wildstyle.mp3,Unknown,Funky House,30,7
Sweet Dreams.mp3,Unknown,Nu Disco - Disco,19,7
Copal.mp3,Unknown,Downtempo,11,8
DIZZY SPELL.mp3,Unknown,140 - Deep Dubstep - Grime,2,3
Never Walk Alone.mp3,Unknown,Dance - Pop,11,7
Flex.mp3,Unknown,Mainstage,1,1
Seven Seas.mp3,Unknown,Trance (Raw - Deep - Hypnotic),29,8
Headtop feat. Killa P.mp3,Unknown,Breaks - Breakbeat - UK Bass,17,8
Overdose of Bass.mp3,Unknown,Techno (Peak Time - Driving),19,8
Beats Keep Rockin'.mp3,Unknown,Jackin House,0,7
Every Breath.mp3,Unknown,Nu Disco - Disco,12,3
Aspirateur.mp3,Unknown,Jackin House,0,7
Better Off Alone (Remastered).mp3,Unknown,Trance (Main Floor),19,7
Try My Love.mp3,Unknown,Jackin House,0,7
Infinity.mp3,Unknown,Trance (Main Floor),29,8
We Keep On Groovin.mp3,Unknown,Minimal - Deep Tech,1,1
Another World.mp3,Unknown,Dance - Pop,14,8
I Get Lost.mp3,Unknown,Jackin House,0,7
Blacked Out.mp3,Unknown,Bass House,17,7
Round & Round.mp3,Unknown,House,19,7
Unholy.mp3,Unknown,Hard Techno,26,8
Hamba Ngedwa  (feat. JayJayy).mp3,Unknown,Amapiano,9,5
Cybertalk.mp3,Unknown,Electro (Classic - Detroit - Modern),1,1
New York Is Dead.mp3,Unknown,Electro (Classic - Detroit - Modern),30,7
U And Dat.mp3,Unknown,Minimal - Deep Tech,0,7
X12 feat. Phantom.mp3,Unknown,Drum & Bass,16,7
Rez.mp3,Unknown,Electronica,32,8
Famax.mp3,Unknown,House,1,1
PROUD feat. Laura Diane.mp3,Unknown,Amapiano,1,1
Hold That Sucker Down.mp3,Unknown,Mainstage,14,8
Golden Spree.mp3,Unknown,Downtempo,11,8
Dirt.mp3,Unknown,Techno (Raw - Deep - Hypnotic),22,1
Fliaratras.mp3,Unknown,Downtempo,11,7
You Make Me Feel.mp3,Unknown,Organic House,30,7
Iguana.mp3,Unknown,Bass - Club,17,7
Synapse.mp3,Unknown,Techno (Raw - Deep - Hypnotic),22,1
Pretty Woman.mp3,Unknown,Nu Disco - Disco,32,7
Particles.mp3,Unknown,Indie Dance,32,7
Around The World (La La La).mp3,Unknown,Dubstep,23,3
leaving (dont tell me).mp3,Unknown,Trap - Future Bass,8,3
Hide U.mp3,Unknown,Dance - Pop,32,8
Go Papi.mp3,Unknown,Electro (Classic - Detroit - Modern),33,7
DGTS.mp3,Unknown,Electro (Classic - Detroit - Modern),11,7
It Feels So Good.mp3,Unknown,Organic House,32,7
High Around Hoes.mp3,Unknown,Electro (Classic - Detroit - Modern),17,7
Serotonine.mp3,Unknown,Tech House,22,1
Imithandazo.mp3,Unknown,Amapiano,12,3
That's Right.mp3,Unknown,Drum & Bass,9,5
Sunset Avenue.mp3,Unknown,Trance (Raw - Deep - Hypnotic),32,8
Do You Want It Right Now.mp3,Unknown,Nu Disco - Disco,32,8
Beat Going On.mp3,Unknown,Nu Disco - Disco,11,7
Rhythm Is a Dancer.mp3,Unknown,Afro House,32,7
5AM At Bagleys.mp3,Unknown,UK Garage - Bassline,19,7
Drop The Pressure.mp3,Unknown,Nu Disco - Disco,11,7
Udumbara.mp3,Unknown,Downtempo,11,8
Satisfaction.mp3,Unknown,Afro House,7,5
CROOKED.mp3,Unknown,Trap - Future Bass,8,3
Camelo's.mp3,Unknown,Trance (Raw - Deep - Hypnotic),19,8
Pegate.mp3,Unknown,Hard Techno,26,8
Mistery (feat. DragonFly).mp3,Unknown,Funky House,30,7
Making You.mp3,Unknown,UK Garage - Bassline,17,7
Like This.mp3,Unknown,Indie Dance,33,7
Go Back feat. Julia Church.mp3,Unknown,Tech House,19,8
Watch Ya Mouth (feat. Seth David).mp3,Unknown,Dubstep,8,3
Block Rockin Beats.mp3,Unknown,Bass House,22,1
Escape From Reality.mp3,Unknown,Techno (Peak Time - Driving),4,8
A Gira.mp3,Unknown,Afro House,6,3
Reviled.mp3,Unknown,Breaks - Breakbeat - UK Bass,4,8
Dont Stop.mp3,Unknown,Bass House,29,8
Touch.mp3,Unknown,Melodic House & Techno,4,7
Your Love.mp3,Unknown,Dance - Pop,4,8
My Love.mp3,Unknown,Deep House,11,7
Control Yourself.mp3,Unknown,Deep House,1,1
Moferefere Pianong.mp3,Unknown,Amapiano,11,7
From Below.mp3,Unknown,Electro (Classic - Detroit - Modern),3,4
No Excuses.mp3,Unknown,Minimal - Deep Tech,19,7
Tribe.mp3,Unknown,Indie Dance,1,1
Starry Night.mp3,Unknown,Indie Dance,0,7
Heart Of Glass.mp3,Unknown,Funky House,30,7
So Here It Is.mp3,Unknown,Drum & Bass,2,3
RAMBO REVISIT.mp3,Unknown,Amapiano,0,7
Into The Groove.mp3,Unknown,Nu Disco - Disco,19,7
Liar Liar.mp3,Unknown,Indie Dance,11,8
Jump Up.mp3,Unknown,Bass House,17,7
P Power.mp3,Unknown,Minimal - Deep Tech,0,7
Lollipop.mp3,Unknown,Bass House,19,7
Bodylock.mp3,Unknown,Bass - Club,3,4
Syren.mp3,Unknown,Psy-Trance,29,8
Our Future.mp3,Unknown,Dance - Pop,32,7
Cobble Pot.mp3,Unknown,Progressive House,32,8
Toys.mp3,Unknown,Indie Dance,17,7
Solfa (Tila).mp3,Unknown,Afro House,19,7
Never Fake.mp3,Unknown,Indie Dance,22,1
Infinite Light.mp3,Unknown,Trance (Main Floor),32,8
I Will Survive.mp3,Unknown,Nu Disco - Disco,6,3
Alert.mp3,Unknown,Bass House,1,1
Zone 1.mp3,Unknown,Nu Disco - Disco,1,1
Si Ai.mp3,Unknown,Afro House,9,5
Charanga.mp3,Unknown,Minimal - Deep Tech,1,1
Off The Record.mp3,Unknown,Downtempo,9,5
mActavis.mp3,Unknown,Electro (Classic - Detroit - Modern),22,1
Flama.mp3,Unknown,Afro House,6,3
The Waiting Snake.mp3,Unknown,Downtempo,11,8
MOONSPELL.mp3,Unknown,140 - Deep Dubstep - Grime,8,3
Push The Tempo.mp3,Unknown,Bass House,19,7
Cybotronik.mp3,Unknown,Electro (Classic - Detroit - Modern),29,7
Take Me Home Tonight.mp3,Unknown,Breaks - Breakbeat - UK Bass,4,7
At Night.mp3,Unknown,Nu Disco - Disco,6,3
Doin' Me Wrong.mp3,Unknown,Nu Disco - Disco,30,7
Take It Easy on Me.mp3,Unknown,Melodic House & Techno,1,1
Tranquility.mp3,Unknown,Organic House,6,3
Suitcase Stories.mp3,Unknown,Organic House,32,8
Silver Lake.mp3,Unknown,Progressive House,22,1
Bagus.mp3,Unknown,Downtempo,12,3
Poney Pt. I.mp3,Unknown,Electronica,20,5
Your Time Will Come.mp3,Unknown,Trance (Main Floor),14,8
Celestial Punch.mp3,Unknown,Electro (Classic - Detroit - Modern),1,1
Emotions (Extended).mp3,Unknown,Electronica,19,7
Addiction.mp3,Unknown,Techno (Peak Time - Driving),32,7
Let's Get High.mp3,Unknown,Organic House,1,1
XENA.mp3,Unknown,Trap - Future Bass,17,7
Unleash The Beat.mp3,Unknown,Electro (Classic - Detroit - Modern),19,7
Take Your Pants Off.mp3,Unknown,Minimal - Deep Tech,1,1
Electricity.mp3,Unknown,Melodic House & Techno,19,7
Misery.mp3,Unknown,Techno (Raw - Deep - Hypnotic),22,1
Green Grape.mp3,Unknown,Bass - Club,3,4
You Know.mp3,Unknown,Minimal - Deep Tech,0,7
Now We Are Free.mp3,Unknown,Hard Dance - Hardcore - Neo Rave,26,8
Coge El Paso.mp3,Unknown,Afro House,6,3
Trump'et.mp3,Unknown,Indie Dance,22,1
Echoes of the Elephant.mp3,Unknown,Indie Dance,22,1
YA BODY.mp3,Unknown,Trap - Future Bass,8,3
Telling Myself Lies.mp3,Unknown,Afro House,32,8
Rock'Stap.mp3,Unknown,Jackin House,7,5
Nasty.mp3,Unknown,Techno (Peak Time - Driving),22,1
Hero (feat. L.I.S.A).mp3,Unknown,Nu Disco - Disco,30,7
Bubble Gum.mp3,Unknown,Organic House,5,6
Let's Move.mp3,Unknown,Jackin House,0,7
Elektro.mp3,Unknown,Tech House,17,7
Shine Tomorrow.mp3,Unknown,Progressive House,3,4
Bogeyman.mp3,Unknown,UK Garage - Bassline,17,7
Who You Talking To ?.mp3,Unknown,Minimal - Deep Tech,0,7
This Feeling.mp3,Unknown,Tech House,19,7
FULL CIRCLE.mp3,Unknown,Amapiano,1,1
Canvas.mp3,Unknown,Nu Disco - Disco,11,7
Riddim 4 Dummies.mp3,Unknown,Dubstep,23,3
Red.mp3,Unknown,Techno (Peak Time - Driving),4,8
Beyond Perceptions.mp3,Unknown,Progressive House,32,7
Suffice To Predict.mp3,Unknown,Techno (Raw - Deep - Hypnotic),17,7
Snoop Is The One.mp3,Unknown,Nu Disco - Disco,12,3
Like An Animal.mp3,Unknown,Electronica,32,8
Sojourney.mp3,Unknown,Organic House,1,1
Focus.mp3,Unknown,Jackin House,30,7
Little Flower.mp3,Unknown,Organic House,11,8
Being With You.mp3,Unknown,Deep House,3,4
Hey Baby.mp3,Unknown,Minimal - Deep Tech,1,1
Sk8er.mp3,Unknown,Organic House,22,1
Are You With Me.mp3,Unknown,Electronica,11,8
Parallel Worlds.mp3,Unknown,Organic House,1,1
Double Double Shake Shake.mp3,Unknown,Downtempo,11,7
What's a Girl to Do.mp3,Unknown,Electronica,9,5
We Watch.mp3,Unknown,Indie Dance,1,1
Let Me Tell Ya Something Good.mp3,Unknown,Funky House,30,7
Far Away.mp3,Unknown,Trance (Main Floor),14,8
No One Does It Like.mp3,Unknown,Dubstep,23,3
Tamarindo.mp3,Unknown,Bass - Club,3,4
Only You.mp3,Unknown,Indie Dance,1,1
Jump In.mp3,Unknown,Indie Dance,19,7
How Are You I'm Fine Ok Bye.mp3,Unknown,Downtempo,22,1
Destination Calabria.mp3,Unknown,Mainstage,24,5
Timeshift.mp3,Unknown,Techno (Peak Time - Driving),19,7
Que Ritmo.mp3,Unknown,Afro House,7,5
Disco Chic.mp3,Unknown,Funky House,12,3
If U Wanna Be With Me.mp3,Unknown,Funky House,30,7
Early Morning.mp3,Unknown,Progressive House,22,1
Best Part (Of The Night).mp3,Unknown,Nu Disco - Disco,30,7
Play Right.mp3,Unknown,Funky House,30,7
Grim.mp3,Unknown,140 - Deep Dubstep - Grime,8,3
I Can Feel It.mp3,Unknown,Organic House,3,4
El Dorado.mp3,Unknown,Afro House,11,8
Magnum Opus.mp3,Unknown,Techno (Raw - Deep - Hypnotic),29,8
Gimme A Hug.mp3,Unknown,Jackin House,19,7
Beatbox.mp3,Unknown,Funky House,19,7
Feel the Rhythm.mp3,Unknown,Downtempo,11,8
13 Meses.mp3,Unknown,Techno (Raw - Deep - Hypnotic),29,8
Big Flexa.mp3,Unknown,Amapiano,11,7
Fallin In Love.mp3,Unknown,House,30,7
Revenant.mp3,Unknown,Trance (Main Floor),4,8
Poets Of The Night.mp3,Unknown,Organic House,30,7
The Formula.mp3,Unknown,Organic House,1,1
In This Room.mp3,Unknown,Electro (Classic - Detroit - Modern),27,3
Rhythm (Of The Night).mp3,Unknown,Progressive House,14,8
All My Life.mp3,Unknown,Nu Disco - Disco,6,3
Done.mp3,Unknown,Bass House,19,7
Beat Fantasy.mp3,Unknown,Nu Disco - Disco,11,7
Trip Mode.mp3,Unknown,Minimal - Deep Tech,19,7
Marathon Man.mp3,Unknown,Trance (Raw - Deep - Hypnotic),4,8
Gotta Pop.mp3,Unknown,Breaks - Breakbeat - UK Bass,17,7
12 Inch Acid.mp3,Unknown,Trance (Raw - Deep - Hypnotic),19,8
Rise And Shine feat. Getto.mp3,Unknown,Amapiano,9,5
Pastel Sky.mp3,Unknown,Minimal - Deep Tech,30,7
El Silencio.mp3,Unknown,Downtempo,9,5
Burn.mp3,Unknown,Melodic House & Techno,29,8
Shaking Things Up.mp3,Unknown,Electronica,24,5
The Way.mp3,Unknown,Bass House,22,1
Last Night A Dj Saved My Life.mp3,Unknown,Funky House,30,7
Everyday.mp3,Unknown,Progressive House,22,1
Headtop.mp3,Unknown,Breaks - Breakbeat - UK Bass,22,1
Dominator.mp3,Unknown,Bass House,17,7
Funky Sister Girl.mp3,Unknown,Jackin House,0,7
Smash It.mp3,Unknown,Melodic House & Techno,19,8
Push Me.mp3,Unknown,Bass House,20,5
Back to the Old School.mp3,Unknown,Drum & Bass,12,3
Aspects of Rhythm.mp3,Unknown,Indie Dance,5,6
Feeling.mp3,Unknown,Progressive House,4,7
Summer of 95.mp3,Unknown,Progressive House,1,1
The Wall.mp3,Unknown,Indie Dance,22,1
Don't Touch That Dial.mp3,Unknown,Minimal - Deep Tech,1,1
Psychedelic Liquid.mp3,Unknown,Psy-Trance,29,8
Jazzuuup.mp3,Unknown,Minimal - Deep Tech,11,8
Metsi.mp3,Unknown,Amapiano,7,5
EGO! (TAKE IT BACK).mp3,Unknown,Trap - Future Bass,33,7
My Mind.mp3,Unknown,UK Garage - Bassline,7,5
Voices Of The Tribe.mp3,Unknown,Electro (Classic - Detroit - Modern),1,1
Velvet Dusk.mp3,Unknown,Indie Dance,32,8
Running from the Noise (feat. Life on Planets).mp3,Unknown,Jackin House,1,1
Pray.mp3,Unknown,Dance - Pop,19,7
Lux.mp3,Unknown,Psy-Trance,29,8
Wicked Game.mp3,Unknown,Mainstage,29,8
Holding On.mp3,Unknown,Trap - Future Bass,33,7
Will Be Your Preacher Teacher.mp3,Unknown,Funky House,30,7
Romantica.mp3,Unknown,Organic House,1,1
Lola's Theme.mp3,Unknown,House,32,8
Money Momo.mp3,Unknown,Trap - Future Bass,24,5
INJABULO feat. Disaster feat. Ivory.mp3,Unknown,Amapiano,9,5
Day Dreams of Beaches.mp3,Unknown,Deep House,14,8
Stories In Light.mp3,Unknown,Electronica,14,8
Hellfire.mp3,Unknown,Techno (Peak Time - Driving),26,8
In Love Today.mp3,Unknown,Dance - Pop,6,3
Big Smoke's.mp3,Unknown,Minimal - Deep Tech,19,7
So Many Times.mp3,Unknown,House,6,3
Nostalgia System Cache Dump.mp3,Unknown,Electro (Classic - Detroit - Modern),1,1
Take Me High.mp3,Unknown,Techno (Peak Time - Driving),29,8
I am Artist.mp3,Unknown,Downtempo,32,8
Wouldnt Believe.mp3,Unknown,UK Garage - Bassline,33,7
LTK.mp3,Unknown,Drum & Bass,9,5
Sun Is Shining.mp3,Unknown,Dance - Pop,20,5
Yeah Yeah Yeah.mp3,Unknown,Funky House,30,7
Walking on a Dream.mp3,Unknown,Funky House,30,7
Skull & Crosses.mp3,Unknown,Drum & Bass,16,7
Stave Off.mp3,Unknown,Techno (Raw - Deep - Hypnotic),29,8
Dopamine.mp3,Unknown,Dubstep,23,3
2 Spirits.mp3,Unknown,Jackin House,9,5
It's A Party.mp3,Unknown,Funky House,30,7
Dear To Me.mp3,Unknown,Organic House,19,7
Me Me Me.mp3,Unknown,Indie Dance,7,5
Jolie Fille (feat. Layefa).mp3,Unknown,Afro House,19,7
Club55 (feat. Major League Djz).mp3,Unknown,Amapiano,12,3
Relax My Eyes.mp3,Unknown,House,32,7
Givin My Love.mp3,Unknown,Jackin House,12,3
Rattlesnake.mp3,Unknown,Afro House,32,8
Backhanded Wobbler.mp3,Unknown,Drum & Bass,16,7
We Talk About Dreams.mp3,Unknown,Melodic House & Techno,29,8
Mommy.mp3,Unknown,Minimal - Deep Tech,3,4
In The Music.mp3,Unknown,DJ Tools,7,5
U Don't Know Me feat. Duane Harden.mp3,Unknown,House,6,3
The Other Side of Matrix.mp3,Unknown,Electro (Classic - Detroit - Modern),17,7
Enamorá.mp3,Unknown,Organic House,19,7
Connection (Marie Vaunt Edit).mp3,Unknown,Techno (Peak Time - Driving),4,8
Love Tonight.mp3,Unknown,Mainstage,29,8
What We Do.mp3,Unknown,Jackin House,12,3
Drip Drop (feat. Hector Moralez).mp3,Unknown,Jackin House,0,7
"Miçanga (feat. BaianaSystem) [with Alok, Kawz].mp3",Unknown,Afro House,6,3
Smalltown Boy (feat. Colin).mp3,Unknown,Nu Disco - Disco,30,7
Dreamstate.mp3,Unknown,Deep House,1,1
PERMISSION TO MOVE.mp3,Unknown,Melodic House & Techno,32,8
Damage.mp3,Unknown,Breaks - Breakbeat - UK Bass,17,7
Bell Hop (Yamaha TX81Z).mp3,Unknown,Ambient - Experimental,3,4
Bird Box.mp3,Unknown,Downtempo,22,1
Choose Violence.mp3,Unknown,Tech House,0,7
Poles Apart.mp3,Unknown,Progressive House,32,8
FONk.mp3,Unknown,Jackin House,30,7
Call Me.mp3,Unknown,Techno (Peak Time - Driving),4,8
Big Boy Tracks.mp3,Unknown,Bass - Club,30,7
Panorama.mp3,Unknown,Trance (Raw - Deep - Hypnotic),29,8
Somedays.mp3,Unknown,House,20,5
All Right.mp3,Unknown,Dance - Pop,32,8
Easy for them.mp3,Unknown,140 - Deep Dubstep - Grime,33,7
Feeling Love.mp3,Unknown,Breaks - Breakbeat - UK Bass,7,5
Unknown.mp3,Unknown,Indie Dance,1,1
Can't Get Enough.mp3,Unknown,Funky House,30,7
Switch.mp3,Unknown,Breaks - Breakbeat - UK Bass,19,7
Jellydish.mp3,Unknown,Downtempo,3,4
Stunner.mp3,Unknown,Minimal - Deep Tech,22,1
Psikopat.mp3,Unknown,Trance (Raw - Deep - Hypnotic),22,1
Ladies & Gentlemen.mp3,Unknown,Minimal - Deep Tech,1,1
Hold On Fuck That.mp3,Unknown,Minimal - Deep Tech,3,4
Sun.mp3,Unknown,Deep House,30,7
Fall In Love.mp3,Unknown,Afro House,11,7
Spin Like A Record.mp3,Unknown,Funky House,30,7
Que Sera.mp3,Unknown,Tech House,32,7
Pump.mp3,Unknown,Bass House,19,7
Life Gets Hard.mp3,Unknown,Organic House,19,7
Most Precious Love feat. Barbara Tucker.mp3,Unknown,Progressive House,14,8
Bayas'delela.mp3,Unknown,Amapiano,12,3
Hype The Funk.mp3,Unknown,Breaks - Breakbeat - UK Bass,4,7
Nasty Spaceship.mp3,Unknown,Indie Dance,0,7
Stay With Me.mp3,Unknown,Breaks - Breakbeat - UK Bass,29,8
Soulphuric.mp3,Unknown,Downtempo,11,8
Check Out.mp3,Unknown,Jackin House,0,7
The Trap.mp3,Unknown,Melodic House & Techno,30,7
Bespoke.mp3,Unknown,Techno (Raw - Deep - Hypnotic),3,4
Get That.mp3,Unknown,Dubstep,9,5
Poles Apart.mp3,Unknown,Breaks - Breakbeat - UK Bass,32,7
King of My Castle.mp3,Unknown,Nu Disco - Disco,6,3
Kinda Buzzed.mp3,Unknown,Funky House,30,7
Ju.mp3,Unknown,Deep House,17,7
OG Anthem.mp3,Unknown,UK Garage - Bassline,7,5
ADD SUV (feat. Pharrell Williams).mp3,Unknown,Jackin House,20,5
Together In Music.mp3,Unknown,Funky House,7,5
Alchemy.mp3,Unknown,Psy-Trance,29,8
Open Your Mind.mp3,Unknown,Deep House,1,1
Downstream.mp3,Unknown,Afro House,22,1
Forbidden Lover.mp3,Unknown,Funky House,30,7
Beautiful.mp3,Unknown,Deep House,0,7
Good 4 U.mp3,Unknown,House,19,7
PNC.mp3,Unknown,Electro (Classic - Detroit - Modern),33,7
1N0V4T1V3.mp3,Unknown,Techno (Raw - Deep - Hypnotic),29,8
These Sounds.mp3,Unknown,Funky House,30,7
Wish I Didn't Miss You.mp3,Unknown,Nu Disco - Disco,6,3
Birth.mp3,Unknown,Ambient - Experimental,11,8
Umbrella.mp3,Unknown,Bass House,17,7
Power.mp3,Unknown,140 - Deep Dubstep - Grime,2,3
New Inner Way.mp3,Unknown,Trance (Main Floor),20,5
Running Laps.mp3,Unknown,Dubstep,24,5
Eden.mp3,Unknown,Progressive House,22,1
Blow Ya Mind (feat. Da Swing Posse).mp3,Unknown,Funky House,12,3
Organic Space.mp3,Unknown,Organic House,22,1
SMOKE THE PAIN AWAY.mp3,Unknown,Dance - Pop,19,7
Elephants.mp3,Unknown,Breaks - Breakbeat - UK Bass,19,7
Say Hello.mp3,Unknown,Melodic House & Techno,6,3
Damcase.mp3,Unknown,Deep House,9,5
Famax.mp3,Unknown,Afro House,22,1
Dancing On My Own.mp3,Unknown,Nu Disco - Disco,6,3
Wub Riddim.mp3,Unknown,Minimal - Deep Tech,1,1
Liftoff.mp3,Unknown,Drum & Bass,16,7
Goblin.mp3,Unknown,140 - Deep Dubstep - Grime,23,3
After Five.mp3,Unknown,House,6,3
Time to Burn.mp3,Unknown,Trance (Main Floor),13,8
W.T.F.mp3,Unknown,Indie Dance,17,7
Bumpin'.mp3,Unknown,Trap - Future Bass,8,3
Perpetual.mp3,Unknown,Psy-Trance,22,1
Andalucia.mp3,Unknown,Afro House,32,8
Disco Tetris.mp3,Unknown,Tech House,30,7
Keep It Up.mp3,Unknown,Jackin House,30,7
Voices.mp3,Unknown,Afro House,0,7
Sing It Back.mp3,Unknown,Nu Disco - Disco,3,4
Locate.mp3,Unknown,Progressive House,32,8
"Let's Go (feat. Tom Enzy, Juany Bravo & Sami Brielle) [HUGEL Remix].mp3",Unknown,Tech House,33,7
with me.mp3,Unknown,Electronica,20,5
Blow Your Mind.mp3,Unknown,Minimal - Deep Tech,1,1
Heaven Scent.mp3,Unknown,Trance (Raw - Deep - Hypnotic),4,7
NO8DO.mp3,Unknown,Organic House,17,7
Faces.mp3,Unknown,Organic House,32,7
Moonlight.mp3,Unknown,Minimal - Deep Tech,1,1
The Empress' Acid Line.mp3,Unknown,Trance (Raw - Deep - Hypnotic),30,7
No Bad Vibes.mp3,Unknown,Afro House,32,8
Mamasay Mamasa.mp3,Unknown,Afro House,9,5
Lovely Day 2k24.mp3,Unknown,Funky House,30,7
La Musa.mp3,Unknown,House,22,1
"Yes Sir, I Can Boogie.mp3",Unknown,Nu Disco - Disco,6,3
On Fire.mp3,Unknown,Breaks - Breakbeat - UK Bass,29,7
Faith In Strangers.mp3,Unknown,Electronica,33,7
Lights On.mp3,Unknown,Bass House,19,7
Something About You.mp3,Unknown,Afro House,32,7
Another One Bites Feat. Cover Queen.mp3,Unknown,Nu Disco - Disco,12,3
Grain.mp3,Unknown,Breaks - Breakbeat - UK Bass,3,4
Kickin'.mp3,Unknown,Minimal - Deep Tech,22,1
Within.mp3,Unknown,Trance (Main Floor),14,8
Somebody (2024).mp3,Unknown,Tech House,1,1
"Shake That, Move That (with Sophiegrophy).mp3",Unknown,Bass House,17,7
Muhuuuuu.mp3,Unknown,Afro House,22,1
Twist & Warp.mp3,Unknown,Psy-Trance,19,7
I'll Be Right Back.mp3,Unknown,Breaks - Breakbeat - UK Bass,19,7
Envoy.mp3,Unknown,Organic House,32,8
from the beginning.mp3,Unknown,Dubstep,24,5
The Paradox.mp3,Unknown,Breaks - Breakbeat - UK Bass,0,7
Touché.mp3,Unknown,Minimal - Deep Tech,1,1
Nothing Feels The Same.mp3,Unknown,Electronica,20,5
Serendipitous Connection.mp3,Unknown,Techno (Raw - Deep - Hypnotic),29,8
Cumana.mp3,Unknown,Deep House,33,7
Peppermint.mp3,Unknown,Bass - Club,3,4
Feelings For You.mp3,Unknown,Funky House,30,7
Like That.mp3,Unknown,Indie Dance,11,7
Elevate.mp3,Unknown,Deep House,19,7
Blueprint.mp3,Unknown,Nu Disco - Disco,7,5
After Five (Extended).mp3,Unknown,Indie Dance,6,3
Frauds (Mall Grab Remix).mp3,Unknown,Bass - Club,17,8
Your Body.mp3,Unknown,Funky House,30,7
Wrap Me Up.mp3,Unknown,Nu Disco - Disco,6,3
Goddess.mp3,Unknown,House,0,7
Gimme.mp3,Unknown,Trap - Future Bass,8,3
Delay Lama.mp3,Unknown,Downtempo,11,7
Arrival.mp3,Unknown,Melodic House & Techno,29,8
Steady.mp3,Unknown,Techno (Raw - Deep - Hypnotic),3,4
Wavefile_Dayjob.mp3,Unknown,Electro (Classic - Detroit - Modern),1,1
Hade Boss feat. K.C Driller.mp3,Unknown,Amapiano,9,5
Shake It.mp3,Unknown,Tech House,1,1
NO NO NO.mp3,Unknown,Tech House,19,7
Life Is Simple (Move Your Body).mp3,Unknown,Afro House,11,8
XTC.mp3,Unknown,Minimal - Deep Tech,17,7
Biggie Biggie Biggie.mp3,Unknown,Funky House,30,7
Hustling.mp3,Unknown,Indie Dance,32,8
Evo.mp3,Unknown,Progressive House,5,6
Pjanoo's Seduction.mp3,Unknown,Mainstage,19,7
Normal Is The New Weird.mp3,Unknown,Hard Techno,26,8
Contigo.mp3,Unknown,Afro House,29,8
Zurna II.mp3,Unknown,Afro House,32,7
Make You Feel.mp3,Unknown,Indie Dance,32,8
Hey Sister Go Sister.mp3,Unknown,Funky House,30,7
Luna.mp3,Unknown,Progressive House,30,7
Let Me Be Your Fantasy.mp3,Unknown,Nu Disco - Disco,19,7
Nothing Lasts.mp3,Unknown,Progressive House,22,1
Ruptus.mp3,Unknown,Indie Dance,22,1
Feel It.mp3,Unknown,Melodic House & Techno,32,7
You Are.mp3,Unknown,Afro House,32,8
Les Gout.mp3,Unknown,Afro House,11,8
Among the Gods.mp3,Unknown,Progressive House,1,1
LEFT TO RIGHT.mp3,Unknown,UK Garage - Bassline,17,7
Believe.mp3,Unknown,Afro House,22,1
Copal.mp3,Unknown,Indie Dance,19,7
Wont Hurt.mp3,Unknown,Deep House,30,7
Do It for the Bass.mp3,Unknown,Techno (Peak Time - Driving),19,7
The Door of Perception.mp3,Unknown,Techno (Raw - Deep - Hypnotic),22,1
The Sun and You.mp3,Unknown,Progressive House,14,8
It's All On You feat. Malou.mp3,Unknown,Melodic House & Techno,29,8
Stand by Me.mp3,Unknown,Nu Disco - Disco,7,5
Watching Over Me feat. Emily Roberts.mp3,Unknown,Melodic House & Techno,19,7
Sósia.mp3,Unknown,Bass - Club,24,5
Need It.mp3,Unknown,Trance (Raw - Deep - Hypnotic),22,1
Give Me Love.mp3,Unknown,Nu Disco - Disco,1,1
Chaka's Forever Lasting Night.mp3,Unknown,Funky House,30,7
Jump.mp3,Unknown,Afro House,11,8
MY LOGIC IS UNDENIABLE.mp3,Unknown,Indie Dance,22,1
Café del Mar.mp3,Unknown,Breaks - Breakbeat - UK Bass,14,8
Lethal Industry.mp3,Unknown,Trance (Main Floor),6,3
Places & Faces.mp3,Unknown,Minimal - Deep Tech,1,1
Fractal.mp3,Unknown,Breaks - Breakbeat - UK Bass,3,4
Holobionte.mp3,Unknown,Techno (Raw - Deep - Hypnotic),22,1
The Garden of Morning Calm.mp3,Unknown,Progressive House,32,8
If You Want My Loving.mp3,Unknown,House,29,7
Black Mirror.mp3,Unknown,Progressive House,32,8
Geekin.mp3,Unknown,Funky House,1,1
Funk On You.mp3,Unknown,Indie Dance,1,1
Daga Da.mp3,Unknown,UK Garage - Bassline,0,7
Talk To Me.mp3,Unknown,Bass House,17,7
Cold Sun.mp3,Unknown,Downtempo,11,8
Feel Better.mp3,Unknown,Dance - Pop,4,7
Candy.mp3,Unknown,Dance - Pop,19,7
Sombra Selvatica.mp3,Unknown,Downtempo,11,8
Act Of God feat. Linney feat. Sarah de Warren.mp3,Unknown,Melodic House & Techno,30,7
Look Into My Eyes.mp3,Unknown,Electronica,19,7
Cheetah.mp3,Unknown,Techno (Raw - Deep - Hypnotic),4,8
KILL DEM.mp3,Unknown,Bass - Club,19,7
Alicante (feat. Yuliesky Gonzalez).mp3,Unknown,Afro House,6,3
Keep It Psychedelic.mp3,Unknown,Psy-Trance,13,8
Hotel Room Service.mp3,Unknown,Trap - Future Bass,8,3
Higher Ground.mp3,Unknown,Techno (Raw - Deep - Hypnotic),22,1
Agida.mp3,Unknown,Organic House,1,1
Radio Gaga.mp3,Unknown,Funky House,30,7
una noche con hugel.mp3,Unknown,Afro House,32,7
Amana.mp3,Unknown,Afro House,0,7
Alma Perdida.mp3,Unknown,Downtempo,22,1
Satisfy Your Soul.mp3,Unknown,Nu Disco - Disco,30,7
Chayeh.mp3,Unknown,Afro House,32,8
Toxic.mp3,Unknown,Bass House,19,7
Loca People (Extended Mix).mp3,Unknown,Bass House,0,7
6 AM.mp3,Unknown,Deep House,19,7
Nothing Better Than Music.mp3,Unknown,House,1,1
We Are Mirage.mp3,Unknown,Progressive House,14,8
From The Stars feat. The RAH Band.mp3,Unknown,House,33,7
Throw It Back.mp3,Unknown,Trap - Future Bass,24,5
The Drill.mp3,Unknown,Trance (Main Floor),14,8
Boom.mp3,Unknown,Indie Dance,19,7
Work It.mp3,Unknown,Indie Dance,0,7
Be Good To Me.mp3,Unknown,Funky House,30,7
Cave Dive.mp3,Unknown,Downtempo,1,1
All of This.mp3,Unknown,Amapiano,12,3
Yo!.mp3,Unknown,Indie Dance,0,7
303 (Sound Of The Underground).mp3,Unknown,Hard Techno,26,8
Good Bounce.mp3,Unknown,Tech House,17,7
take your vibes and go.mp3,Unknown,Bass House,17,7
SXY.mp3,Unknown,Melodic House & Techno,12,3
Namaste.mp3,Unknown,Organic House,1,1
Modulation Detected.mp3,Unknown,Techno (Raw - Deep - Hypnotic),13,8
Atmosphere.mp3,Unknown,Tech House,0,7
Gates of Nirvana.mp3,Unknown,Trance (Main Floor),20,5
Happier (feat. Clementine Douglas).mp3,Unknown,Deep House,17,7
La Ocasa.mp3,Unknown,Tech House,30,7
Rasputin.mp3,Unknown,Funky House,7,5
Calabria.mp3,Unknown,DJ Tools,6,3
Everybody Dancing.mp3,Unknown,Jackin House,12,3
O Cajado.mp3,Unknown,Afro House,32,8
COULD BE WRONG.mp3,Unknown,Dance - Pop,12,3
I Can Tell You What You Want.mp3,Unknown,Jackin House,7,5
Underwater.mp3,Unknown,Mainstage,4,8
Freaks.mp3,Unknown,Breaks - Breakbeat - UK Bass,1,1
Caller.mp3,Unknown,Trance (Raw - Deep - Hypnotic),4,8
In The Groove.mp3,Unknown,Bass - Club,5,6
It's About Us.mp3,Unknown,Deep House,19,7
Gospel.mp3,Unknown,Jackin House,19,7
"Me, Myself & That Dancefloor.mp3",Unknown,Deep House,30,7
Secrets.mp3,Unknown,Tech House,1,1
Dançar.mp3,Unknown,Organic House,22,1
Powershow.mp3,Unknown,Deep House,30,7
Can We Choose Happiness.mp3,Unknown,Organic House,1,1
Lyup.mp3,Unknown,Organic House,1,1
Skanka.mp3,Unknown,140 - Deep Dubstep - Grime,8,3
Shake & Pop.mp3,Unknown,Dance - Pop,29,8
Upside Down.mp3,Unknown,House,7,5
Dusk Till Dawn.mp3,Unknown,Deep House,1,1
Watch Me.mp3,Unknown,Trap - Future Bass,13,8
Fired Up.mp3,Unknown,Electronica,22,1
On Deck.mp3,Unknown,Minimal - Deep Tech,1,1
Favela.mp3,Unknown,140 - Deep Dubstep - Grime,8,3
Papi Riddim.mp3,Unknown,140 - Deep Dubstep - Grime,0,7
Allein.mp3,Unknown,Progressive House,6,3
Become One.mp3,Unknown,Organic House,32,8
Jorawalo.mp3,Unknown,Techno (Peak Time - Driving),22,1
Still Riding.mp3,Unknown,Dance - Pop,29,8
Where I'm From.mp3,Unknown,Melodic House & Techno,22,1
Shadow Master.mp3,Unknown,Techno (Raw - Deep - Hypnotic),22,1
"Thandaza (feat. Alan Dixon, Arabic Piano).mp3",Unknown,Melodic House & Techno,20,5
Discipline.mp3,Unknown,Melodic House & Techno,1,1
My Secret.mp3,Unknown,Techno (Peak Time - Driving),4,8
Boogie Trippin.mp3,Unknown,Jackin House,0,7
Wasteland.mp3,Unknown,Trance (Raw - Deep - Hypnotic),29,8
Vida Loca.mp3,Unknown,Afro House,29,8
So Nice To Be In Love feat. Mascolo.mp3,Unknown,Indie Dance,32,7
Sax A Boom.mp3,Unknown,Indie Dance,22,1
Chrome Couture.mp3,Unknown,Trance (Raw - Deep - Hypnotic),4,8
Matei.mp3,Unknown,Downtempo,16,7
Post Cause Anthem.mp3,Unknown,Trance (Raw - Deep - Hypnotic),22,1
Pick Up The Pieces.mp3,Unknown,Nu Disco - Disco,19,7
Repeat.mp3,Unknown,Hard Techno,15,5
Kerning City.mp3,Unknown,Indie Dance,19,7
Sometimes.mp3,Unknown,House,22,1
Fall To Pieces.mp3,Unknown,Electronica,20,5
Take A Beat.mp3,Unknown,Jackin House,0,7
Monster.mp3,Unknown,Trance (Main Floor),4,8
Crystal.mp3,Unknown,Tech House,1,1
This Lady.mp3,Unknown,Nu Disco - Disco,30,7
Us vs Me.mp3,Unknown,Mainstage,33,7
MAMI.mp3,Unknown,Bass House,30,7
Where Do We Go.mp3,Unknown,Trance (Main Floor),22,1
Valerie.mp3,Unknown,Tech House,30,7
Bismuth.mp3,Unknown,Indie Dance,19,7
Calling.mp3,Unknown,Progressive House,32,8
Peace of My Self.mp3,Unknown,Downtempo,11,8
Perfect (Exceeder).mp3,Unknown,Drum & Bass,2,3
Quasar.mp3,Unknown,Downtempo,9,5
Surf Rider.mp3,Unknown,Techno (Peak Time - Driving),11,7
Jumbo.mp3,Unknown,Techno (Raw - Deep - Hypnotic),22,1
PARTY.mp3,Unknown,Breaks - Breakbeat - UK Bass,33,7
Local.mp3,Unknown,UK Garage - Bassline,0,7
Find My Way Home.mp3,Unknown,UK Garage - Bassline,17,7
City Lights.mp3,Unknown,Techno (Raw - Deep - Hypnotic),22,1
Love Me Tender.mp3,Unknown,Amapiano,12,3
My Favourite Game.mp3,Unknown,Mainstage,26,8
Let Go.mp3,Unknown,Downtempo,22,1
Wub Juggler.mp3,Unknown,Breaks - Breakbeat - UK Bass,8,3
Amniotico.mp3,Unknown,Downtempo,9,5
Boom Boom Jam.mp3,Unknown,Trance (Main Floor),4,8
Your Love.mp3,Unknown,Jackin House,30,7
Silva Bay.mp3,Unknown,Bass - Club,22,1
Iam Ready.mp3,Unknown,Funky House,30,7
Show Me Love.mp3,Unknown,Bass House,4,8
Journey.mp3,Unknown,Deep House,0,7
Not Tonight Pamela.mp3,Unknown,Trance (Raw - Deep - Hypnotic),4,8
Trippin.mp3,Unknown,Bass - Club,22,1
RIZZ.mp3,Unknown,Tech House,17,7
What A Lady.mp3,Unknown,Funky House,30,7
No Stop Disco.mp3,Unknown,Jackin House,30,7
Maré.mp3,Unknown,Afro House,32,8
The Final Puzzle.mp3,Unknown,Trance (Raw - Deep - Hypnotic),11,7
Intuitive Reality.mp3,Unknown,Electro (Classic - Detroit - Modern),5,6
Jealousy.mp3,Unknown,Amapiano,12,3
Falling Feels Like Flying.mp3,Unknown,House,19,7
Move.mp3,Unknown,Minimal - Deep Tech,19,7
Take It.mp3,Unknown,Melodic House & Techno,22,1
Collapse.mp3,Unknown,Techno (Raw - Deep - Hypnotic),3,4
Fractals.mp3,Unknown,Progressive House,32,8
World Is Empty.mp3,Unknown,Electro (Classic - Detroit - Modern),33,7
Hoping For Another Chance.mp3,Unknown,Nu Disco - Disco,6,3
Laconical.mp3,Unknown,Organic House,22,1
Mattika.mp3,Unknown,House,19,7
Mockingbird.mp3,Unknown,Afro House,11,8
Bad Trip.mp3,Unknown,Organic House,22,1
True.mp3,Unknown,Indie Dance,11,8
Rainbow.mp3,Unknown,Progressive House,22,1
All Night Long.mp3,Unknown,Deep House,0,7
Midnight.mp3,Unknown,Trance (Raw - Deep - Hypnotic),22,1
Letz Go.mp3,Unknown,Minimal - Deep Tech,11,7
Yokai.mp3,Unknown,Ambient - Experimental,2,3
Kama.mp3,Unknown,Afro House,19,8
Rockstar.mp3,Unknown,Dubstep,8,3
It's Chaos.mp3,Unknown,Indie Dance,19,7
Animals feat. Lil' Magdalene.mp3,Unknown,Electronica,33,7
Renaissance.mp3,Unknown,Mainstage,4,8
The Boy Is Mine feat. Rosalie.mp3,Unknown,Afro House,32,7
Emptiness of Lovers.mp3,Unknown,Electronica,18,3
Ohohoi.mp3,Unknown,Techno (Raw - Deep - Hypnotic),1,1
My Lovin.mp3,Unknown,Funky House,7,5
La Vida.mp3,Unknown,Techno (Raw - Deep - Hypnotic),22,1
The Way I Am.mp3,Unknown,Minimal - Deep Tech,17,7
Jam Is Pumping.mp3,Unknown,Minimal - Deep Tech,17,7
N9.mp3,Unknown,Bass House,4,8
I Remember.mp3,Unknown,Deep House,19,8
Laid Back.mp3,Unknown,Nu Disco - Disco,0,7
Want For You.mp3,Unknown,Indie Dance,1,1
Livin Xtc.mp3,Unknown,Deep House,1,1
Been Such a Long Time feat. Mascolo.mp3,Unknown,Electronica,1,1
Northwest Passage.mp3,Unknown,House,1,1
Innocence 2025.mp3,Unknown,140 - Deep Dubstep - Grime,24,5
Boost Up.mp3,Unknown,Tech House,12,3
Searching.mp3,Unknown,Minimal - Deep Tech,0,7
K'ami.mp3,Unknown,Downtempo,11,8
MUZIKI feat. BAQABO.mp3,Unknown,Afro House,11,8
"Shes Gone, Dance On.mp3",Unknown,House,20,5
Pink Lambo.mp3,Unknown,Electro (Classic - Detroit - Modern),1,1
The Race.mp3,Unknown,Techno (Raw - Deep - Hypnotic),22,1
better.mp3,Unknown,Electronica,11,8
Originality.mp3,Unknown,UK Garage - Bassline,12,3
Gonna Be.mp3,Unknown,Breaks - Breakbeat - UK Bass,4,7
"SUKA (feat. Nandipha808, Ceeka RSA).mp3",Unknown,Amapiano,12,3
Mess in the Head.mp3,Unknown,Psy-Trance,29,8
How Will I Know.mp3,Unknown,Funky House,7,5
Voyage.mp3,Unknown,Progressive House,14,8
Mona.mp3,Unknown,UK Garage - Bassline,6,3
Waka.mp3,Unknown,Psy-Trance,33,7
3rd Earth.mp3,Unknown,Trance (Main Floor),14,8
Crew.mp3,Unknown,Indie Dance,19,7
1998.mp3,Unknown,Trance (Raw - Deep - Hypnotic),4,8
Control.mp3,Unknown,DJ Tools,3,4
Bambadem.mp3,Unknown,House,6,3
Get Get Down.mp3,Unknown,Jackin House,12,3
girl$.mp3,Unknown,Tech House,19,7
Biri Marung.mp3,Unknown,Amapiano,12,3
Make Me.mp3,Unknown,Electronica,19,7
Freak.mp3,Unknown,House,19,7
The Sit Down.mp3,Unknown,Jackin House,6,3
Interstellar.mp3,Unknown,Mainstage,29,8
Pieces.mp3,Unknown,Afro House,11,8
Give It To Me.mp3,Unknown,140 - Deep Dubstep - Grime,24,5
Your Love.mp3,Unknown,UK Garage - Bassline,19,7
Connect.mp3,Unknown,Bass House,0,7
Engage.mp3,Unknown,Breaks - Breakbeat - UK Bass,29,8
People Ain't Dancing.mp3,Unknown,Bass House,0,7
Hiccups.mp3,Unknown,Downtempo,22,1
Automatic.mp3,Unknown,UK Garage - Bassline,7,5
Blow.mp3,Unknown,Jackin House,6,3
Coming For Ya.mp3,Unknown,Nu Disco - Disco,33,7
Ghost Spell.mp3,Unknown,Ambient - Experimental,33,7
Superstition.mp3,Unknown,Jackin House,17,7
BACK 2 THA START (feat. bullet tooth).mp3,Unknown,UK Garage - Bassline,19,8
The Sound of Violence.mp3,Unknown,Electronica,6,3
Losing It.mp3,Unknown,Tech House,0,7
"Take The Red Pill, Take The Blue Pill?.mp3",Unknown,Trance (Main Floor),4,8
Acid Salsa.mp3,Unknown,Minimal - Deep Tech,19,8
Sheela Na Gig.mp3,Unknown,Trance (Raw - Deep - Hypnotic),22,1
Unconscious Self.mp3,Unknown,Electro (Classic - Detroit - Modern),1,1
Lose Control.mp3,Unknown,Indie Dance,22,1
CORAÇAO.mp3,Unknown,Afro House,6,3
My Love (2024).mp3,Unknown,Afro House,20,5
Muizac.mp3,Unknown,Jackin House,7,5
Bubbling.mp3,Unknown,Breaks - Breakbeat - UK Bass,7,5
Cadence.mp3,Unknown,UK Garage - Bassline,0,7
Believe.mp3,Unknown,Techno (Peak Time - Driving),19,7
Funky Sunrise.mp3,Unknown,Funky House,7,5
Pretty Boy Swag.mp3,Unknown,Bass House,0,7
Back To Life.mp3,Unknown,Trance (Main Floor),14,8
First Light.mp3,Unknown,Minimal - Deep Tech,1,1
1998.mp3,Unknown,Indie Dance,5,6
La Musica.mp3,Unknown,Melodic House & Techno,1,1
Real Talk.mp3,Unknown,140 - Deep Dubstep - Grime,24,5
The Matrix Of Other Side.mp3,Unknown,Electro (Classic - Detroit - Modern),17,7
Rinseout.mp3,Unknown,Drum & Bass,16,7
High Rise.mp3,Unknown,Minimal - Deep Tech,0,7
Whine & Clutch.mp3,Unknown,Breaks - Breakbeat - UK Bass,22,1
Walk Away.mp3,Unknown,Funky House,30,7
LET'S GO.mp3,Unknown,House,17,7
Another One.mp3,Unknown,Deep House,0,7
Is That Okay?.mp3,Unknown,Minimal - Deep Tech,1,1
Hypnotic Dice.mp3,Unknown,Funky House,30,7
Indecisiveness.mp3,Unknown,Hard Techno,13,8
Come Together As One.mp3,Unknown,UK Garage - Bassline,33,7
Step By Step.mp3,Unknown,Minimal - Deep Tech,1,1
All Day.mp3,Unknown,Trap - Future Bass,13,8
Wishi Wishi.mp3,Unknown,Amapiano,12,3
The Illest Flow.mp3,Unknown,Jackin House,0,7
Asibe Happy.mp3,Unknown,Amapiano,9,5
Vula Vala.mp3,Unknown,Amapiano,12,3
Narbus.mp3,Unknown,Organic House,11,8
Falling Together feat. Oona Doherty.mp3,Unknown,Electronica,19,7
Im So Wavy.mp3,Unknown,Minimal - Deep Tech,0,7
Tremble (ft. Kim English).mp3,Unknown,Deep House,30,7
Calabria.mp3,Unknown,Afro House,19,7
Jump.mp3,Unknown,Organic House,32,8
U Make Me Feel.mp3,Unknown,Funky House,30,7
Ai Papi.mp3,Unknown,Tech House,1,1
Buschtaxi.mp3,Unknown,Melodic House & Techno,11,7
Slammin.mp3,Unknown,Electro (Classic - Detroit - Modern),1,1
Good Night.mp3,Unknown,House,19,7
PRT.mp3,Unknown,Bass House,17,7
Reckless (2024).mp3,Unknown,House,19,7
Races.mp3,Unknown,Breaks - Breakbeat - UK Bass,19,7
Lights Out.mp3,Unknown,Electro (Classic - Detroit - Modern),33,7
Love 2 Rhythm.mp3,Unknown,Deep House,1,1
Scape.mp3,Unknown,Deep House,1,1
Good Feeling.mp3,Unknown,Funky House,30,7
We Multiply.mp3,Unknown,UK Garage - Bassline,7,5
What To Do.mp3,Unknown,Melodic House & Techno,11,7
Like Honey.mp3,Unknown,Jackin House,0,7
This Is Not A Test.mp3,Unknown,140 - Deep Dubstep - Grime,33,7
Bumper.mp3,Unknown,Bass House,30,7
EXT 135.mp3,Unknown,Progressive House,32,8
Spectrum (Say My Name).mp3,Unknown,Afro House,32,8
I Know You Want To.mp3,Unknown,Tech House,22,1
Deadly Valentine.mp3,Unknown,Techno (Peak Time - Driving),19,7
Music Please.mp3,Unknown,Jackin House,30,7
Where Are U Now.mp3,Unknown,Afro House,20,5
Can You Dig It.mp3,Unknown,Minimal - Deep Tech,12,3
Scorpion King.mp3,Unknown,Techno (Peak Time - Driving),29,8
Energy.mp3,Unknown,140 - Deep Dubstep - Grime,19,7
Non Stop.mp3,Unknown,Progressive House,33,7
Make It Hot.mp3,Unknown,Organic House,22,1
Let There Be House.mp3,Unknown,Funky House,30,7
Hookah (feat. Alina Pozi).mp3,Unknown,Bass House,17,7
The Sound of Silence.mp3,Unknown,Dance - Pop,6,3
I Like To Party.mp3,Unknown,Nu Disco - Disco,12,3
Spillage.mp3,Unknown,Bass - Club,4,8
Flipped.mp3,Unknown,Techno (Raw - Deep - Hypnotic),22,1
soso.mp3,Unknown,Dance - Pop,11,8
We Are Free.mp3,Unknown,House,7,5
White Sand.mp3,Unknown,Deep House,7,5
Hypnotized (feat. Fran).mp3,Unknown,Indie Dance,1,1
Feel.mp3,Unknown,Electronica,6,3
Deep Jungle Walk.mp3,Unknown,Psy-Trance,29,8
Stuck.mp3,Unknown,Bass - Club,0,7
Let This Groove.mp3,Unknown,Funky House,30,7
Rock The Planet.mp3,Unknown,Electro (Classic - Detroit - Modern),1,1
No Title Yet.mp3,Unknown,Afro House,11,8
Odyssey.mp3,Unknown,Techno (Raw - Deep - Hypnotic),1,1
Gold.mp3,Unknown,Electronica,22,1
Wakefeld.mp3,Unknown,Progressive House,32,8
Gimme The Cheese.mp3,Unknown,Tech House,0,7
Wake Me Up When September Ends.mp3,Unknown,Dance - Pop,29,8
Crazy.mp3,Unknown,UK Garage - Bassline,20,5
Systematics.mp3,Unknown,Electro (Classic - Detroit - Modern),22,1
Dig That Sound Intro.mp3,Unknown,DJ Tools,6,3
Ilanga.mp3,Unknown,Amapiano,30,7
Open Your Mind.mp3,Unknown,Trap - Future Bass,23,3
Techno Sh.mp3,Unknown,Tech House,19,7
Lost in Emulation.mp3,Unknown,Minimal - Deep Tech,1,1
Saltwater feat. Moya Brennan.mp3,Unknown,Trance (Main Floor),30,7
Lauren (I Can't Stay Forever).mp3,Unknown,Deep House,11,7
Mermaids On Acid.mp3,Unknown,Electro (Classic - Detroit - Modern),3,4
Falling Without Fear.mp3,Unknown,Trance (Main Floor),14,8
I Feel Love.mp3,Unknown,Dance - Pop,19,7
Listen My Mind.mp3,Unknown,Organic House,1,1
Airy Dance.mp3,Unknown,Trance (Raw - Deep - Hypnotic),13,8
This Dance (feat. Kabza De Small & MDU aka TRP).mp3,Unknown,Amapiano,12,3
Yashi imoto.mp3,Unknown,Amapiano,6,3
Good Lies.mp3,Unknown,Electronica,6,3
Warm Up.mp3,Unknown,Organic House,22,1
Moonlight.mp3,Unknown,UK Garage - Bassline,17,7
Sensational Love.mp3,Unknown,Funky House,30,7
Cherry.mp3,Unknown,Deep House,1,1
Instant of Love.mp3,Unknown,Progressive House,3,4
Jungle.mp3,Unknown,Bass House,19,7
No Matter What You Do.mp3,Unknown,Jackin House,30,7
It Feels So Good.mp3,Unknown,Tech House,30,7
All I Got.mp3,Unknown,Afro House,11,8
That Riff.mp3,Unknown,Jackin House,0,7
Departure.mp3,Unknown,Techno (Raw - Deep - Hypnotic),3,4
Dunes.mp3,Unknown,Psy-Trance,29,8
Gstar.mp3,Unknown,UK Garage - Bassline,17,7
Propaganda.mp3,Unknown,Hard Techno,26,8
Everybody.mp3,Unknown,Deep House,1,1
NOTHING.mp3,Unknown,Bass - Club,1,1
Talking Dirty feat. NIKO.mp3,Unknown,Mainstage,29,8
Timing.mp3,Unknown,Psy-Trance,29,8
Powerbase.mp3,Unknown,Hard Techno,13,8
Ruff City Dub.mp3,Unknown,Deep House,17,7
Freedom.mp3,Unknown,Funky House,30,7
The Journey.mp3,Unknown,Downtempo,11,8
Rumble.mp3,Unknown,140 - Deep Dubstep - Grime,8,3
Damager.mp3,Unknown,UK Garage - Bassline,0,7
Chameleon.mp3,Unknown,Downtempo,11,8
De Bongo Man.mp3,Unknown,Deep House,0,7
I Will Survive.mp3,Unknown,Dance - Pop,0,7
Feel It.mp3,Unknown,Breaks - Breakbeat - UK Bass,30,7
Hey Boy Hey Girl.mp3,Unknown,Mainstage,6,3
Throw The D.mp3,Unknown,Jackin House,1,1
I Adore You.mp3,Unknown,Afro House,6,3
You Got The Love.mp3,Unknown,Funky House,30,7
Blade.mp3,Unknown,Mainstage,4,8
Let Me See You.mp3,Unknown,Organic House,17,7
Emotion.mp3,Unknown,Minimal - Deep Tech,1,1
FINAL SCRATCH TOOL.mp3,Unknown,DJ Tools,31,3
Satisfaction.mp3,Unknown,UK Garage - Bassline,19,8
Cola Beach.mp3,Unknown,Electronica,17,7
Rock My World.mp3,Unknown,Bass House,32,7
Dirac Sea.mp3,Unknown,Deep House,3,4
Off To The River.mp3,Unknown,Techno (Raw - Deep - Hypnotic),17,7
Arak.mp3,Unknown,Afro House,19,7
Mwaki.mp3,Unknown,Dance - Pop,11,8
Angels feat. EVALINA.mp3,Unknown,Mainstage,4,7
Take Your Flight.mp3,Unknown,Trance (Main Floor),14,8
Heela.mp3,Unknown,Amapiano,2,3
Selfoss.mp3,Unknown,Progressive House,22,1
Super Kommissar.mp3,Unknown,Funky House,30,7
Perturbação.mp3,Unknown,Bass - Club,13,8
States Of Flux.mp3,Unknown,Trance (Raw - Deep - Hypnotic),14,8
Smoke.mp3,Unknown,Afro House,32,8
Wubcraft.mp3,Unknown,Dubstep,24,5
Misleading.mp3,Unknown,Minimal - Deep Tech,1,1
Do You Wanna Funk.mp3,Unknown,Jackin House,6,3
Atenea.mp3,Unknown,Organic House,22,1
Biscotte.mp3,Unknown,Afro House,32,8
Solar Coaster.mp3,Unknown,Progressive House,32,8
Alright.mp3,Unknown,Minimal - Deep Tech,7,5
This Is My Life.mp3,Unknown,Afro House,12,3
Satisfaction (Hardwell & Maddix Extended Remix).mp3,Unknown,Mainstage,6,3
Betelgeuse.mp3,Unknown,Trance (Raw - Deep - Hypnotic),11,8
Swing King.mp3,Unknown,140 - Deep Dubstep - Grime,24,5
B2basic.mp3,Unknown,Techno (Raw - Deep - Hypnotic),4,8
Wherever You Go.mp3,Unknown,Dance - Pop,4,8
My Desire.mp3,Unknown,House,7,5
When The Sun Goes Down.mp3,Unknown,Trance (Main Floor),13,8
Untitled Emo Organ Banger.mp3,Unknown,UK Garage - Bassline,19,7
Outline.mp3,Unknown,Techno (Raw - Deep - Hypnotic),22,1
Dance of the Crab.mp3,Unknown,Electronica,6,3
Yumi.mp3,Unknown,Indie Dance,32,8
Koolaid.mp3,Unknown,Tech House,33,7
Seeing & Believing.mp3,Unknown,Deep House,0,7
Turborave.mp3,Unknown,Electro (Classic - Detroit - Modern),19,7
Butterflies.mp3,Unknown,House,1,1
Here In Your Arms.mp3,Unknown,Dance - Pop,30,7
Jamming.mp3,Unknown,Tech House,17,7
The Clown's Corridor.mp3,Unknown,Minimal - Deep Tech,17,7
Last Night.mp3,Unknown,Melodic House & Techno,17,7
Not A Robot.mp3,Unknown,Downtempo,9,5
You Get Down.mp3,Unknown,Tech House,4,7
Text Me.mp3,Unknown,Mainstage,29,8
TAKA.mp3,Unknown,Bass - Club,19,7
Every night.mp3,Unknown,Electro (Classic - Detroit - Modern),30,8
Do You.mp3,Unknown,Jackin House,32,8
Stop Me.mp3,Unknown,Breaks - Breakbeat - UK Bass,1,1
Free Soul.mp3,Unknown,Psy-Trance,29,8
Torchbearer.mp3,Unknown,140 - Deep Dubstep - Grime,33,7
Sound Check.mp3,Unknown,Minimal - Deep Tech,19,7
Are U Down.mp3,Unknown,Electronica,17,7
Stellar Venue.mp3,Unknown,Deep House,19,7
Blood Rave.mp3,Unknown,Ambient - Experimental,29,8
Hypnotized.mp3,Unknown,Dance - Pop,29,8
"Somebody That I Used To Know (feat. Darcey, Simon Ellis).mp3",Unknown,Deep House,19,7
Wrong For Me.mp3,Unknown,Breaks - Breakbeat - UK Bass,20,5
Revolution.mp3,Unknown,Techno (Peak Time - Driving),20,5
Turbulence.mp3,Unknown,Progressive House,32,8
TH!NK.mp3,Unknown,Funky House,30,7
Push (feat. OFFAIAH).mp3,Unknown,140 - Deep Dubstep - Grime,17,7
Tainted Love.mp3,Unknown,Funky House,30,7
D4 DAMAGER.mp3,Unknown,UK Garage - Bassline,1,1
Love On The Run.mp3,Unknown,Funky House,30,7
Dance All Night.mp3,Unknown,Techno (Raw - Deep - Hypnotic),22,1
I Like Dancing.mp3,Unknown,Tech House,1,1
Seduction.mp3,Unknown,Techno (Raw - Deep - Hypnotic),22,1
Moet.mp3,Unknown,Bass House,19,7
Growing in the Dark.mp3,Unknown,Electro (Classic - Detroit - Modern),22,1
Any Second Now.mp3,Unknown,Techno (Raw - Deep - Hypnotic),19,7
Peace Exists Here.mp3,Unknown,Ambient - Experimental,12,3
Wait For Me.mp3,Unknown,Electronica,13,8
BONKERS.mp3,Unknown,Nu Disco - Disco,30,7
Blessed.mp3,Unknown,House,32,7
First Flush.mp3,Unknown,Downtempo,11,8
Love Me Endless.mp3,Unknown,Trance (Main Floor),6,3
Solara.mp3,Unknown,Organic House,11,7
Gamma.mp3,Unknown,Trance (Raw - Deep - Hypnotic),32,8
Obsession.mp3,Unknown,Indie Dance,32,8
GLIMPSE.mp3,Unknown,Trap - Future Bass,8,3
Shifting Focus.mp3,Unknown,Organic House,19,7
Everyday.mp3,Unknown,Breaks - Breakbeat - UK Bass,29,7
Pondeggi.mp3,Unknown,Electronica,8,3
Tarantula.mp3,Unknown,Tech House,19,7
Breaking Dollars.mp3,Unknown,House,30,7
Get Busy.mp3,Unknown,Bass House,19,7
The Balance Of Being.mp3,Unknown,Progressive House,32,8
Your Mind Is Dirty.mp3,Unknown,Mainstage,19,7
Sweat !.mp3,Unknown,Indie Dance,19,7
Every Night.mp3,Unknown,Bass House,0,7
Nov3mber Hope.mp3,Unknown,Ambient - Experimental,9,5
In The Cut.mp3,Unknown,Trap - Future Bass,15,5
Good Feelings.mp3,Unknown,Nu Disco - Disco,19,7
Hold On.mp3,Unknown,Melodic House & Techno,20,5
Toro.mp3,Unknown,Mainstage,33,7
Freaks.mp3,Unknown,Mainstage,13,8
It's That Time.mp3,Unknown,Hard Dance - Hardcore - Neo Rave,13,8
Humans.mp3,Unknown,Downtempo,34,1
Waterfalls.mp3,Unknown,Nu Disco - Disco,6,3
OFF THE TOOL.mp3,Unknown,DJ Tools,5,6
"Dance, Life, Control, Dreams.mp3",Unknown,Bass House,20,5
gimme dat.mp3,Unknown,Bass - Club,2,3
String Thing.mp3,Unknown,House,30,7
My Girl.mp3,Unknown,Funky House,30,7
Grindin.mp3,Unknown,UK Garage - Bassline,7,5
People Need House.mp3,Unknown,House,0,7
Control Freak.mp3,Unknown,Trance (Raw - Deep - Hypnotic),22,1
Sense Of Lust.mp3,Unknown,Organic House,32,8
Look at Me.mp3,Unknown,Indie Dance,22,1
Saudade.mp3,Unknown,Organic House,32,7
Trust.mp3,Unknown,Jackin House,12,3
Raving In The Studio.mp3,Unknown,UK Garage - Bassline,20,5
EGOTRIP.mp3,Unknown,Trap - Future Bass,33,7
Go Again.mp3,Unknown,Afro House,9,5
BURN.mp3,Unknown,Indie Dance,17,7
Push The Body.mp3,Unknown,Bass - Club,3,4
Marea (we've lost dancing).mp3,Unknown,Deep House,11,7
Fight!.mp3,Unknown,Breaks - Breakbeat - UK Bass,8,3
1st Light.mp3,Unknown,Electronica,29,8
Go.mp3,Unknown,Deep House,19,7
Fresh.mp3,Unknown,Funky House,19,7
We've Talked Enough.mp3,Unknown,Trance (Main Floor),4,8
Paradise Lost.mp3,Unknown,Progressive House,32,7
Come On Now (Set It Off).mp3,Unknown,Tech House,1,1
Solar System.mp3,Unknown,Drum & Bass,16,7
Siente.mp3,Unknown,Hard Dance - Hardcore - Neo Rave,22,1
So Good.mp3,Unknown,Minimal - Deep Tech,22,1
Purple Haze.mp3,Unknown,Trance (Raw - Deep - Hypnotic),29,8
Currency.mp3,Unknown,Nu Disco - Disco,19,7
Elven Dance.mp3,Unknown,Organic House,32,8
On My Mind.mp3,Unknown,Bass House,30,7
Rude Boy.mp3,Unknown,Dance - Pop,17,7
Rapture.mp3,Unknown,Nu Disco - Disco,20,5
Mind Control.mp3,Unknown,Electro (Classic - Detroit - Modern),22,1
When I Feel Like This.mp3,Unknown,Breaks - Breakbeat - UK Bass,19,8
Tsunami.mp3,Unknown,Progressive House,3,4
It's Not Right But It's Okay.mp3,Unknown,Tech House,0,7
Slow Down (feat. Jorja Smith).mp3,Unknown,Deep House,17,7
Attention.mp3,Unknown,Indie Dance,1,1
City Of Dreams.mp3,Unknown,Indie Dance,0,7
Mad.mp3,Unknown,Bass - Club,17,7
Give You.mp3,Unknown,Bass House,17,7
Awakening.mp3,Unknown,Progressive House,14,8
Love Stream.mp3,Unknown,House,19,7
BACK ONCE AGAIN.mp3,Unknown,Trap - Future Bass,24,5
Love Made Me Do It.mp3,Unknown,Progressive House,32,7
Koi Fish.mp3,Unknown,Progressive House,1,1
Be Good To Me.mp3,Unknown,Nu Disco - Disco,30,7
Da Flute.mp3,Unknown,Techno (Raw - Deep - Hypnotic),7,5
Cosmic Whisper.mp3,Unknown,Psy-Trance,22,1
Clean Up.mp3,Unknown,Minimal - Deep Tech,1,1
Surge.mp3,Unknown,Organic House,22,1
Manic Room.mp3,Unknown,Techno (Raw - Deep - Hypnotic),1,1
Dangerous.mp3,Unknown,Jackin House,30,7
Beat It Up.mp3,Unknown,Tech House,1,1
DESIRE96.mp3,Unknown,UK Garage - Bassline,0,7
Lost My Trust.mp3,Unknown,UK Garage - Bassline,19,7
Cola.mp3,Unknown,House,7,5
No Sleep.mp3,Unknown,Breaks - Breakbeat - UK Bass,29,8
WHO WANNA FIGHT.mp3,Unknown,Trap - Future Bass,8,3
wants and needs.mp3,Unknown,House,7,5
Limelight.mp3,Unknown,Techno (Raw - Deep - Hypnotic),22,1
Into Thin Air.mp3,Unknown,Progressive House,32,8
Love Me.mp3,Unknown,Tech House,1,1
Roll the Dice.mp3,Unknown,Techno (Peak Time - Driving),29,8
Top Killa.mp3,Unknown,UK Garage - Bassline,19,7
Pushing On.mp3,Unknown,Deep House,12,3
In The Air Tonight.mp3,Unknown,Deep House,1,1
Me Gustas Tu.mp3,Unknown,House,1,1
Lightening In Me feat. Oliver Night.mp3,Unknown,Deep House,12,3
NOW.mp3,Unknown,Mainstage,4,7
Vol De Nuit.mp3,Unknown,Techno (Raw - Deep - Hypnotic),29,8
BEEN TIME.mp3,Unknown,UK Garage - Bassline,0,7
Issker.mp3,Unknown,Bass - Club,1,1
Pulverturm.mp3,Unknown,Techno (Peak Time - Driving),29,8
Music For Soul.mp3,Unknown,Nu Disco - Disco,22,1
Focus feat. CLOVES.mp3,Unknown,Melodic House & Techno,29,8
Corrida.mp3,Unknown,Funky House,6,3
Jealous.mp3,Unknown,House,30,7
More Than Words 2025.mp3,Unknown,Trance (Main Floor),4,8
Now Is The Time.mp3,Unknown,Trance (Main Floor),4,8
don't stop.mp3,Unknown,Dubstep,23,3
Angels Crest.mp3,Unknown,Trap - Future Bass,17,7
Lahante.mp3,Unknown,Techno (Raw - Deep - Hypnotic),1,1
Deepn Breath feat. La Zingara.mp3,Unknown,Indie Dance,1,1
Take a Flight.mp3,Unknown,Techno (Peak Time - Driving),6,3
Sunshine (My Girl).mp3,Unknown,Dance - Pop,19,7
Funkboy.mp3,Unknown,Minimal - Deep Tech,12,3
Tunnel Vision.mp3,Unknown,Techno (Raw - Deep - Hypnotic),3,4
Vapor Games.mp3,Unknown,Trance (Raw - Deep - Hypnotic),19,7
Thats New.mp3,Unknown,Deep House,30,7
Yaz.mp3,Unknown,Electro (Classic - Detroit - Modern),3,4
Let Me Show Ya.mp3,Unknown,Minimal - Deep Tech,19,7
Ferrari.mp3,Unknown,Dance - Pop,19,8
So Good.mp3,Unknown,Melodic House & Techno,29,8
Mnike.mp3,Unknown,Amapiano,12,3
Different XXX feat. Gaïa Weiss.mp3,Unknown,Indie Dance,19,7
And It Goes.mp3,Unknown,Breaks - Breakbeat - UK Bass,1,1
Bouge Ton Cul.mp3,Unknown,Electro (Classic - Detroit - Modern),22,1
State of Progression.mp3,Unknown,Progressive House,32,8
Adagio For Strings.mp3,Unknown,Hard Techno,26,8
Burn The Night.mp3,Unknown,Afro House,29,8
Use Somebody.mp3,Unknown,Afro House,14,8
Work It.mp3,Unknown,Electro (Classic - Detroit - Modern),1,1
Schranzerkampfwagen.mp3,Unknown,Hard Techno,26,8
Hidden Faces.mp3,Unknown,Organic House,1,1
Fly Away feat. The Sultra Gospel Singers.mp3,Unknown,Nu Disco - Disco,12,3
Coma Cat.mp3,Unknown,Nu Disco - Disco,7,5
Don't Touch That Dial (feat. Yuuko Sings).mp3,Unknown,Electro (Classic - Detroit - Modern),1,1
Vanilla Soul.mp3,Unknown,Funky House,7,5
Orb.mp3,Unknown,Progressive House,22,1
Like We.mp3,Unknown,Bass - Club,8,3
Duhka.mp3,Unknown,Drum & Bass,16,7
Delilah (pull me out of this).mp3,Unknown,Dance - Pop,6,3
Wie schön du bist.mp3,Unknown,Electronica,31,3
FLOW.mp3,Unknown,Hard Dance - Hardcore - Neo Rave,13,8
Gangsta Street.mp3,Unknown,Jackin House,7,5
Banda.mp3,Unknown,Bass - Club,3,4
Fo Pio.mp3,Unknown,Ambient - Experimental,19,7
Fighting Love.mp3,Unknown,House,30,7
Smokey Blues.mp3,Unknown,Downtempo,9,5
Mola.mp3,Unknown,Techno (Raw - Deep - Hypnotic),3,4
Kiss My Acid.mp3,Unknown,Techno (Peak Time - Driving),4,8
Bender.mp3,Unknown,Progressive House,22,1
tell you straight.mp3,Unknown,Dance - Pop,13,8
How You Feelin'.mp3,Unknown,Trance (Main Floor),14,8
Sauce (feat. Merc The Big Body Benz).mp3,Unknown,Bass House,17,7
Let Em' Know.mp3,Unknown,Indie Dance,1,1
Damaio.mp3,Unknown,140 - Deep Dubstep - Grime,3,4
Struikel.mp3,Unknown,Breaks - Breakbeat - UK Bass,33,7
Addicted feat. soleil.mp3,Unknown,Techno (Peak Time - Driving),4,8
The Ocean.mp3,Unknown,Ambient - Experimental,20,5
One Place.mp3,Unknown,Electronica,11,8
Evil.mp3,Unknown,Techno (Raw - Deep - Hypnotic),1,1
Need In Me.mp3,Unknown,Deep House,7,5
Crazy In The Club.mp3,Unknown,Trap - Future Bass,17,7
Body & Soul.mp3,Unknown,Afro House,11,8
Voyage.mp3,Unknown,Techno (Raw - Deep - Hypnotic),19,7
Back To Life.mp3,Unknown,Melodic House & Techno,32,7
Raya.mp3,Unknown,Psy-Trance,4,8
Moves Like Jagger.mp3,Unknown,Funky House,30,7
Yini Ngathi.mp3,Unknown,Amapiano,16,7
Corpo e Canção.mp3,Unknown,Afro House,32,8
In Retrospect.mp3,Unknown,Jackin House,30,7
Gettin Down.mp3,Unknown,Funky House,30,7
No Leaving.mp3,Unknown,Techno (Raw - Deep - Hypnotic),22,1
IS IT.mp3,Unknown,Drum & Bass,9,5
Toroidal Disco (Prins Thomas Diskomiks).mp3,Unknown,Nu Disco - Disco,22,1
Lights Out.mp3,Unknown,Tech House,32,7
New Age.mp3,Unknown,Indie Dance,3,4
Warp.mp3,Unknown,Bass - Club,22,1
Into You.mp3,Unknown,Mainstage,4,8
Concrete Skin.mp3,Unknown,Techno (Raw - Deep - Hypnotic),13,7
September.mp3,Unknown,Nu Disco - Disco,6,3
My New Lambo.mp3,Unknown,Bass House,1,1
Seeing Clear.mp3,Unknown,Techno (Raw - Deep - Hypnotic),22,1
Waiting For Tonight.mp3,Unknown,Tech House,19,7
Bricks.mp3,Unknown,Hard Techno,13,8
Wrap Yourself Around Me feat. NORTH.mp3,Unknown,Dance - Pop,4,7
Bitches.mp3,Unknown,Electronica,20,5
Between The Stars.mp3,Unknown,Electronica,32,7
El Gato.mp3,Unknown,Indie Dance,1,1
Rack City.mp3,Unknown,Tech House,17,7
Vete.mp3,Unknown,Indie Dance,3,4
Birthday Sex (feat. Jeremih).mp3,Unknown,Dance - Pop,32,8
Lighter Crew.mp3,Unknown,UK Garage - Bassline,0,7
Do To Me.mp3,Unknown,House,0,7
Turn off the Lights (feat. Alexis Roberts).mp3,Unknown,Mainstage,12,3
Time To Go.mp3,Unknown,Melodic House & Techno,19,7
Hold Up.mp3,Unknown,House,0,7
Let's Get Back To The Party.mp3,Unknown,Jackin House,7,5
Runny Nose.mp3,Unknown,Bass House,19,7
Do Like That.mp3,Unknown,Deep House,11,7
Elevated Night.mp3,Unknown,Trance (Main Floor),13,8
Just Dance For Me.mp3,Unknown,Funky House,7,5
Scuze Me.mp3,Unknown,Indie Dance,32,8
Vogue 2k25.mp3,Unknown,Funky House,30,7
Circles.mp3,Unknown,Ambient - Experimental,14,8
Windows 95 Anthem.mp3,Unknown,Trance (Raw - Deep - Hypnotic),22,1
Coventry 47.mp3,Unknown,Trance (Raw - Deep - Hypnotic),22,1
Shined On Me feat. Andrea Love.mp3,Unknown,Nu Disco - Disco,0,7
Sunshine 2025.mp3,Unknown,House,32,7
Element.mp3,Unknown,Indie Dance,1,1
Please You.mp3,Unknown,Deep House,19,8
2 Times.mp3,Unknown,Mainstage,26,8
I Don't Want U.mp3,Unknown,UK Garage - Bassline,7,5
Pretty Green Eyes.mp3,Unknown,House,20,5
Whatever Corduroy.mp3,Unknown,Breaks - Breakbeat - UK Bass,19,7
What I Need.mp3,Unknown,Afro House,6,3
Tipsy.mp3,Unknown,Dubstep,9,5
Round The Clock.mp3,Unknown,Minimal - Deep Tech,0,7
Prison in Your Mind.mp3,Unknown,Psy-Trance,29,7
Roll Play.mp3,Unknown,Minimal - Deep Tech,1,1
Cassius 1999 (Radio Edit).mp3,Unknown,Electronica,12,3
Stop.mp3,Unknown,House,7,5
Manifesta.mp3,Unknown,Organic House,0,7
Touch It (feat. Jazmine Johnson).mp3,Unknown,Hard Dance - Hardcore - Neo Rave,26,8
Mechanism.mp3,Unknown,Progressive House,1,1
If U Need It.mp3,Unknown,UK Garage - Bassline,7,5
Tribal Drums.mp3,Unknown,Amapiano,1,1
CRUSH.mp3,Unknown,Hard Dance - Hardcore - Neo Rave,13,8
Walhala.mp3,Unknown,Afro House,0,7
K.E.T..mp3,Unknown,Minimal - Deep Tech,0,7
Thought in a Minute.mp3,Unknown,Progressive House,22,1
Fading Echoes feat. Spanny Foxx.mp3,Unknown,Deep House,3,4
Set Me Free feat. Robert Courtois.mp3,Unknown,House,12,3
Is It Beautiful? (A State of Trance 2025 TRANSFORMATION Anthem) feat. Lucy Pullin.mp3,Unknown,Trance (Main Floor),14,8
In It Together.mp3,Unknown,Electro (Classic - Detroit - Modern),3,4
Tell Me.mp3,Unknown,Tech House,17,7
Samaya.mp3,Unknown,Organic House,22,1
Zurna.mp3,Unknown,Trap - Future Bass,8,3
To My Beat.mp3,Unknown,Minimal - Deep Tech,0,7
Invasion.mp3,Unknown,Techno (Raw - Deep - Hypnotic),22,1
Channel 44 (feat. Nevrr49).mp3,Unknown,Amapiano,9,5
Escape.mp3,Unknown,Electro (Classic - Detroit - Modern),1,1
How You Feel.mp3,Unknown,Nu Disco - Disco,19,7
Mas Que Nada.mp3,Unknown,Nu Disco - Disco,6,3
Quentin.mp3,Unknown,Downtempo,1,1
Silent Assassin.mp3,Unknown,Techno (Raw - Deep - Hypnotic),22,1
Dust feat. Lake Silver.mp3,Unknown,Trance (Main Floor),14,8
Mission Impossible.mp3,Unknown,House,1,1
READY2GO!.mp3,Unknown,Trap - Future Bass,23,3
Selector.mp3,Unknown,Indie Dance,22,1
Lights Out.mp3,Unknown,Breaks - Breakbeat - UK Bass,4,7
Prometeo.mp3,Unknown,Trance (Raw - Deep - Hypnotic),22,1
Peekaboo.mp3,Unknown,Minimal - Deep Tech,5,6
E Ke Keq Aty.mp3,Unknown,Breaks - Breakbeat - UK Bass,19,8
Nini.mp3,Unknown,Afro House,7,5
Intercalare.mp3,Unknown,Ambient - Experimental,6,3
Riff.mp3,Unknown,Mainstage,20,5
I Adore You.mp3,Unknown,Dance - Pop,6,3
Inferno.mp3,Unknown,Tech House,19,7
Fate.mp3,Unknown,Techno (Peak Time - Driving),29,8
OUTTAHISMIND.mp3,Unknown,Trap - Future Bass,24,5
Yummy Gummy.mp3,Unknown,140 - Deep Dubstep - Grime,33,7
Beso (Fruta Fresca).mp3,Unknown,Dance - Pop,0,7
The Whip.mp3,Unknown,Trance (Main Floor),4,8
Holding On.mp3,Unknown,House,19,7
Back To The Groove.mp3,Unknown,Dance - Pop,0,7
Drip Drop.mp3,Unknown,Jackin House,12,3
Be The One.mp3,Unknown,Mainstage,19,7
All Parties.mp3,Unknown,Nu Disco - Disco,0,7
Sexy.mp3,Unknown,Funky House,30,7
Go Hard.mp3,Unknown,House,30,7
HUSTLR.mp3,Unknown,Mainstage,19,7
Motion Sensor.mp3,Unknown,Progressive House,32,8
Dead Synthy.mp3,Unknown,Progressive House,7,5
Movin'n'Gruvin.mp3,Unknown,Minimal - Deep Tech,1,1
Hitz.mp3,Unknown,Trap - Future Bass,8,3
Each And Everyone.mp3,Unknown,Nu Disco - Disco,17,7
The Calling.mp3,Unknown,Trance (Raw - Deep - Hypnotic),22,1
4U.mp3,Unknown,Tech House,19,7
Lady (Hear Me Tonight).mp3,Unknown,Nu Disco - Disco,7,5
Remember Me.mp3,Unknown,Tech House,1,1
Lost In Loving You.mp3,Unknown,Mainstage,4,7
Get Hyped.mp3,Unknown,Bass House,17,7
King Steps.mp3,Unknown,UK Garage - Bassline,19,7
Cyber Vision.mp3,Unknown,Trance (Raw - Deep - Hypnotic),29,8
That's the Spot.mp3,Unknown,Bass House,19,7
Shout At God.mp3,Unknown,Progressive House,32,8
Going Down.mp3,Unknown,Minimal - Deep Tech,1,1
Biological Connection.mp3,Unknown,Psy-Trance,29,8
Feeling.mp3,Unknown,Jackin House,0,7
Uniqueness.mp3,Unknown,Progressive House,4,7
Clouds & Dreams.mp3,Unknown,Organic House,32,8
Purple Hat.mp3,Unknown,Indie Dance,29,7
Yamore.mp3,Unknown,Afro House,11,8
How You Feel.mp3,Unknown,Deep House,19,7
"All Day, All Night.mp3",Unknown,Bass House,17,7
Throwing Stones.mp3,Unknown,Melodic House & Techno,29,8
Tremble (ft. Kim English).mp3,Unknown,UK Garage - Bassline,0,7
Donne Moi Le Tempo.mp3,Unknown,Hard Dance - Hardcore - Neo Rave,13,8
OT Rails.mp3,Unknown,Trance (Raw - Deep - Hypnotic),30,7
Disaffected.mp3,Unknown,Electronica,22,1
Funnyman.mp3,Unknown,Afro House,32,7
For A Try.mp3,Unknown,Jackin House,0,7
Ocean Full Of Life.mp3,Unknown,Organic House,19,7
All Right.mp3,Unknown,Tech House,19,7
Monsters.mp3,Unknown,Techno (Peak Time - Driving),29,8
Give It To Me.mp3,Unknown,Techno (Peak Time - Driving),29,8
Mercy.mp3,Unknown,Funky House,30,7
Blink.mp3,Unknown,Mainstage,29,8
De Crezy.mp3,Unknown,Jackin House,19,7
Dance!.mp3,Unknown,House,4,8
The Answer.mp3,Unknown,Deep House,1,1
Ode To Autumn.mp3,Unknown,Trance (Main Floor),4,8
Ong Ketsang.mp3,Unknown,Amapiano,12,3
At Night.mp3,Unknown,Funky House,30,7
Classist.mp3,Unknown,Downtempo,11,8
Bassline Droppin' feat. YKATI.mp3,Unknown,Techno (Peak Time - Driving),4,7
I Am The One.mp3,Unknown,Bass House,17,7
Horny.mp3,Unknown,Tech House,19,7
Hot & Mysterious.mp3,Unknown,Dance - Pop,19,7
I Think I Love Her.mp3,Unknown,Minimal - Deep Tech,1,1
wantsomemusic?.mp3,Unknown,Trap - Future Bass,15,5
Wacuka.mp3,Unknown,Dance - Pop,19,7
Xola (feat. Nate Africa & DJ Pre_Tedzo).mp3,Unknown,Amapiano,11,7
Miracle Maker.mp3,Unknown,Tech House,19,8
Glue.mp3,Unknown,Electronica,8,3
Shuttered.mp3,Unknown,Progressive House,32,7
By Myself.mp3,Unknown,Trance (Raw - Deep - Hypnotic),22,1
This Future.mp3,Unknown,Organic House,22,1
Something to Believe In.mp3,Unknown,Dance - Pop,9,5
Try Try Try.mp3,Unknown,Bass House,0,7
1 Man Army.mp3,Unknown,Drum & Bass,16,7
Tron.mp3,Unknown,Trance (Raw - Deep - Hypnotic),14,8
Chaos.mp3,Unknown,Trap - Future Bass,33,7
Titanium (feat. Sia).mp3,Unknown,Mainstage,20,5
Dry Sump.mp3,Unknown,Trance (Main Floor),4,8
Goddess.mp3,Unknown,Electro (Classic - Detroit - Modern),19,7
ZERO200.mp3,Unknown,Bass House,6,3
Eating Glue.mp3,Unknown,Electronica,22,1
Fiesta.mp3,Unknown,Indie Dance,19,7
The Wave.mp3,Unknown,Afro House,1,1
Rivers.mp3,Unknown,Progressive House,32,7
Ocho (BEAUZ & Kevu VIP) [Extended Mix].mp3,Unknown,Mainstage,13,8
Big Smoke's.mp3,Unknown,DJ Tools,3,4
Stargazing.mp3,Unknown,Trance (Main Floor),14,8
Climbing.mp3,Unknown,Nu Disco - Disco,11,8
Little L.mp3,Unknown,Nu Disco - Disco,7,5
flight fm.mp3,Unknown,Breaks - Breakbeat - UK Bass,17,7
Pressure FM (is your boss being a prick at work?).mp3,Unknown,UK Garage - Bassline,0,7
Sonic.mp3,Unknown,Techno (Peak Time - Driving),4,8
Rhyme Dust.mp3,Unknown,Tech House,11,7
Step Up.mp3,Unknown,Indie Dance,7,5
Basements.mp3,Unknown,Indie Dance,22,1
Pump it.mp3,Unknown,Breaks - Breakbeat - UK Bass,19,7
Meteora.mp3,Unknown,Techno (Raw - Deep - Hypnotic),22,1
Blow Ya Mind.mp3,Unknown,Hard Dance - Hardcore - Neo Rave,19,7
My Paradise.mp3,Unknown,House,19,7
Kisses (feat. bbyclose).mp3,Unknown,Dance - Pop,30,8
Funk Soul.mp3,Unknown,UK Garage - Bassline,30,7
The Lights.mp3,Unknown,Mainstage,20,5
Déjà Vu.mp3,Unknown,Melodic House & Techno,11,8
Ghost Land.mp3,Unknown,Techno (Peak Time - Driving),4,8
Vitamin V.mp3,Unknown,Downtempo,11,8
My Mind.mp3,Unknown,Trap - Future Bass,24,5
Stay True.mp3,Unknown,Deep House,1,1
Biggest Regret (feat. Bbyafricka).mp3,Unknown,Bass House,29,7
Magnetized Your Soul.mp3,Unknown,Trance (Raw - Deep - Hypnotic),1,1
Paradise Lost.mp3,Unknown,Techno (Raw - Deep - Hypnotic),22,1
I Follow Rivers.mp3,Unknown,Dance - Pop,4,8
Denim.mp3,Unknown,Bass - Club,1,1
TAKA.mp3,Unknown,140 - Deep Dubstep - Grime,33,7
WRANGLERS WASTELAND.mp3,Unknown,Dubstep,24,5
Hit the Toad.mp3,Unknown,Techno (Peak Time - Driving),29,8
The Elephant.mp3,Unknown,140 - Deep Dubstep - Grime,24,5
FTS.mp3,Unknown,Bass House,30,7
Palo.mp3,Unknown,Bass - Club,3,4
Elven Dance.mp3,Unknown,Progressive House,32,8
Turn On The Lights again.. (feat. Future).mp3,Unknown,UK Garage - Bassline,4,7
I Knock Underground.mp3,Unknown,Jackin House,0,7
Warrior Dance.mp3,Unknown,Indie Dance,1,1
Before My Eyes.mp3,Unknown,Afro House,22,1
All By Myself.mp3,Unknown,Deep House,1,1
Joint Jazz.mp3,Unknown,Jackin House,0,7
Before My Eyes.mp3,Unknown,Melodic House & Techno,32,7
Daydream.mp3,Unknown,Electronica,11,8
Never Been.mp3,Unknown,Organic House,11,8
Different Folks.mp3,Unknown,Jackin House,0,7
Fading Lights feat. Felix Samuel.mp3,Unknown,Bass House,7,5
Deer Of Nara.mp3,Unknown,Trance (Main Floor),14,8
Ainsliens.mp3,Unknown,Electro (Classic - Detroit - Modern),3,4
Blocked.mp3,Unknown,House,12,3
Gravity.mp3,Unknown,Techno (Peak Time - Driving),4,8
Drift.mp3,Unknown,Electronica,29,8
HIGH ROLLERS.mp3,Unknown,Dubstep,23,3
Groovy.mp3,Unknown,Amapiano,30,7
Trommelmaschine.mp3,Unknown,Trance (Raw - Deep - Hypnotic),1,1
Grooveline.mp3,Unknown,Electronica,12,3
D.O.P.E..mp3,Unknown,Minimal - Deep Tech,19,7
P!NK.mp3,Unknown,Minimal - Deep Tech,17,7
House Party.mp3,Unknown,Funky House,30,7
It's House Music.mp3,Unknown,Tech House,30,7
Bounce In The Brass Part 2.mp3,Unknown,Bass - Club,17,7
Analog Ascent.mp3,Unknown,Minimal - Deep Tech,3,4
Deep In My Soul.mp3,Unknown,UK Garage - Bassline,12,3
Drummers.mp3,Unknown,Hard Dance - Hardcore - Neo Rave,1,1
The Way I Like It.mp3,Unknown,Minimal - Deep Tech,17,7
Along Came Polly.mp3,Unknown,Melodic House & Techno,29,7
Give Your Body.mp3,Unknown,Electro (Classic - Detroit - Modern),19,7
Neo Vision.mp3,Unknown,Hard Dance - Hardcore - Neo Rave,26,8
Silent Pathways.mp3,Unknown,Progressive House,32,8
Forever Yours.mp3,Unknown,Dance - Pop,6,3
Shanti.mp3,Unknown,Downtempo,11,7
Long Train Running.mp3,Unknown,Funky House,20,5
Hood Shake.mp3,Unknown,Trap - Future Bass,8,3
"North, West, South, East.mp3",Unknown,Bass House,0,7
Overtone B.mp3,Unknown,Bass - Club,1,1
Lost in Space.mp3,Unknown,Techno (Peak Time - Driving),4,8
Baby again...mp3,Unknown,Bass House,19,7
Magalenha (feat. Sergio Mendes).mp3,Unknown,Funky House,20,5
Vrthng.mp3,Unknown,Techno (Raw - Deep - Hypnotic),29,8
Heard It All Before.mp3,Unknown,Trance (Main Floor),6,3
Hype.mp3,Unknown,Techno (Peak Time - Driving),4,8
A.C.I.D..mp3,Unknown,Bass House,17,8
The Less I Know The Better.mp3,Unknown,Tech House,1,1
Free.mp3,Unknown,Electronica,33,7
Humans.mp3,Unknown,Melodic House & Techno,29,8
House Generation.mp3,Unknown,Minimal - Deep Tech,19,7
The Rider.mp3,Unknown,Minimal - Deep Tech,1,1
Why Are You in My Bedroom.mp3,Unknown,Organic House,22,1
Save Me.mp3,Unknown,Hard Techno,26,8
Imagination.mp3,Unknown,Trance (Raw - Deep - Hypnotic),13,8
Ear Candy.mp3,Unknown,140 - Deep Dubstep - Grime,24,5
Fixation.mp3,Unknown,Minimal - Deep Tech,19,7
Don't Leave Me.mp3,Unknown,Techno (Raw - Deep - Hypnotic),22,1
So Hï.mp3,Unknown,Mainstage,19,7
Tropical Twilight.mp3,Unknown,Downtempo,1,1
Hot One.mp3,Unknown,Dubstep,23,3
Not Going Home.mp3,Unknown,Indie Dance,22,1
Dem Mai Hoes.mp3,Unknown,Jackin House,12,3
Ever Lasting (feat. Warren Justin).mp3,Unknown,Amapiano,7,5
All Night Long.mp3,Unknown,House,0,7
"Like This, Like That.mp3",Unknown,Techno (Peak Time - Driving),14,8
F*CK THAT.mp3,Unknown,Bass House,19,7
Shake Me.mp3,Unknown,DJ Tools,10,2
Chardonnay.mp3,Unknown,Minimal - Deep Tech,1,1
Muito Gostoso.mp3,Unknown,Breaks - Breakbeat - UK Bass,0,7
Sireneh.mp3,Unknown,Hard Techno,15,5
Bling.mp3,Unknown,Trance (Raw - Deep - Hypnotic),32,8
Around in Circles.mp3,Unknown,Trance (Main Floor),14,8
When You See Me.mp3,Unknown,Progressive House,19,7
Fallen Angel.mp3,Unknown,Trance (Raw - Deep - Hypnotic),4,8
RIP Groove.mp3,Unknown,Electronica,20,5
NIGHT OWLS.mp3,Unknown,Trap - Future Bass,8,3
Come On Back With Your Love.mp3,Unknown,Deep House,19,7
BATTERY OPERATED.mp3,Unknown,Mainstage,19,7
One Sixty.mp3,Unknown,UK Garage - Bassline,0,7
do you hear me?.mp3,Unknown,Bass - Club,3,4
Danda.mp3,Unknown,Organic House,22,1
Neon Storm.mp3,Unknown,Techno (Peak Time - Driving),4,7
Seismic.mp3,Unknown,Bass House,19,7
On My Own.mp3,Unknown,Techno (Raw - Deep - Hypnotic),29,8
Night In Detroit (feat. Fedde Le Grand).mp3,Unknown,Mainstage,19,7
Heaven Scent.mp3,Unknown,Trance (Main Floor),32,7
Say No.mp3,Unknown,Indie Dance,11,8
Follow The Light.mp3,Unknown,Mainstage,20,5
Icesynth.mp3,Unknown,Ambient - Experimental,18,3
Oblivion.mp3,Unknown,Ambient - Experimental,6,3
Taketak.mp3,Unknown,Downtempo,22,1
Low End Theory.mp3,Unknown,Minimal - Deep Tech,0,7
See Thru You.mp3,Unknown,Afro House,17,7
Ulelè.mp3,Unknown,Afro House,32,8
SHAKE IT.mp3,Unknown,Deep House,1,1
Please Don't Go.mp3,Unknown,Jackin House,0,7
Tokyo.mp3,Unknown,Hard Dance - Hardcore - Neo Rave,13,8
Jupiter Is Free.mp3,Unknown,Progressive House,32,7
Can You Fix.mp3,Unknown,Jackin House,30,7
Alone In The Dark.mp3,Unknown,Hard Techno,15,5
Jazz Flower (Camila's Song).mp3,Unknown,Jackin House,0,7
Toca's Miracle.mp3,Unknown,Trance (Main Floor),20,5
Ghost Town feat. PHAE.mp3,Unknown,Drum & Bass,16,7
Tout le monde est fou.mp3,Unknown,Melodic House & Techno,14,8
Dale Don.mp3,Unknown,Electro (Classic - Detroit - Modern),4,8
Darkness In Me.mp3,Unknown,Melodic House & Techno,20,5
Hollow Thrills.mp3,Unknown,140 - Deep Dubstep - Grime,33,7
Do My Ting (feat. Flowdan & Stush).mp3,Unknown,140 - Deep Dubstep - Grime,8,3
Frontin.mp3,Unknown,140 - Deep Dubstep - Grime,17,7
How It Feels.mp3,Unknown,Deep House,11,8
3rd Earth.mp3,Unknown,Trance (Raw - Deep - Hypnotic),22,1
Different.mp3,Unknown,UK Garage - Bassline,19,8
American Boy.mp3,Unknown,Funky House,30,7
Bass Bop.mp3,Unknown,140 - Deep Dubstep - Grime,24,5
Switch The Beat.mp3,Unknown,Electro (Classic - Detroit - Modern),19,7
Sunglasses at Night.mp3,Unknown,Electro (Classic - Detroit - Modern),19,7
Pound Town.mp3,Unknown,House,19,7
Oxagen.mp3,Unknown,Organic House,1,1
Tunnel.mp3,Unknown,Progressive House,32,8
JD Sample.mp3,Unknown,Amapiano,22,1
Deep Down.mp3,Unknown,Tech House,19,7
Vortex Romance.mp3,Unknown,Organic House,11,7
No Brakes.mp3,Unknown,Trap - Future Bass,24,5
Rainbow.mp3,Unknown,Organic House,20,5
Paris Fried Chicken.mp3,Unknown,Jackin House,7,5
Overload.mp3,Unknown,Hard Dance - Hardcore - Neo Rave,4,8
Sweet Disposition.mp3,Unknown,Melodic House & Techno,14,8
All Night.mp3,Unknown,Breaks - Breakbeat - UK Bass,30,7
The Artist In Me.mp3,Unknown,Techno (Raw - Deep - Hypnotic),19,7
VIP Intro Tool.mp3,Unknown,DJ Tools,31,3
Mad Dog.mp3,Unknown,Jackin House,1,1
Anchor Point feat. Stevo Atambire.mp3,Unknown,Afro House,29,8
LOVE DESIRE.mp3,Unknown,House,4,7
Under Your Radar.mp3,Unknown,Electro (Classic - Detroit - Modern),3,4
Yoyoyo.mp3,Unknown,Dance - Pop,4,7
U Must Try.mp3,Unknown,House,0,7
Good Time.mp3,Unknown,Funky House,30,7
Bombacid.mp3,Unknown,Techno (Peak Time - Driving),29,7
GiGi.mp3,Unknown,Bass - Club,34,1
Black Paint.mp3,Unknown,Dubstep,23,3
Little Story.mp3,Unknown,Tech House,1,1
Freak (feat. Aya Anne).mp3,Unknown,Melodic House & Techno,33,7
Phatt Bass.mp3,Unknown,Hard Dance - Hardcore - Neo Rave,26,8
Direction.mp3,Unknown,Deep House,0,7
Offbeat.mp3,Unknown,Techno (Peak Time - Driving),4,8
Feel It For You.mp3,Unknown,Dance - Pop,20,5
A Spoonful of Honey.mp3,Unknown,Downtempo,5,6
Pictures Of You.mp3,Unknown,Dance - Pop,29,8
Getting Ready For The Party.mp3,Unknown,Trance (Main Floor),13,8
Smack Yo'.mp3,Unknown,Tech House,1,1
Golden Teacher.mp3,Unknown,Trance (Main Floor),4,8
Luna Amazonia.mp3,Unknown,Organic House,19,7
X.mp3,Unknown,Techno (Peak Time - Driving),19,8
Robotic Music.mp3,Unknown,Jackin House,17,7
Lost Memories.mp3,Unknown,Trance (Main Floor),14,8
Fire Eyes.mp3,Unknown,Techno (Peak Time - Driving),4,8
Lovin.mp3,Unknown,Jackin House,7,5
Tyrantanic.mp3,Unknown,Trance (Raw - Deep - Hypnotic),14,8
In Common.mp3,Unknown,Deep House,11,7
1 2 3 4.mp3,Unknown,Bass - Club,1,1
I Want Your Soul.mp3,Unknown,House,7,5
Location.mp3,Unknown,Dance - Pop,0,7
Antibody.mp3,Unknown,Tech House,0,7
Riga.mp3,Unknown,Melodic House & Techno,9,5
When Sun Rises.mp3,Unknown,Organic House,32,8
Path of Totality.mp3,Unknown,Psy-Trance,4,8
Afraid To Feel.mp3,Unknown,House,12,3
Technofeudalism.mp3,Unknown,Electro (Classic - Detroit - Modern),1,1
Devil Inside.mp3,Unknown,Hard Dance - Hardcore - Neo Rave,26,8
Never Meant To Be.mp3,Unknown,Afro House,20,5
Mr. Saxobeat.mp3,Unknown,Dance - Pop,6,3
Feeling It.mp3,Unknown,Melodic House & Techno,1,1
Paula Abdul.mp3,Unknown,Minimal - Deep Tech,5,6
Let me Love You.mp3,Unknown,Funky House,7,5
Deconstruction.mp3,Unknown,Progressive House,32,7
Groove Yourself.mp3,Unknown,Funky House,30,7
One Mind.mp3,Unknown,Techno (Peak Time - Driving),29,8
Gangster Boogie.mp3,Unknown,Minimal - Deep Tech,1,1
Deliciouz.mp3,Unknown,Minimal - Deep Tech,1,1
Octopus.mp3,Unknown,Trance (Raw - Deep - Hypnotic),22,1
Niet dan.mp3,Unknown,Techno (Raw - Deep - Hypnotic),22,1
All I Want Is The Bass.mp3,Unknown,Dance - Pop,19,7
Bonita Applebum.mp3,Unknown,Trap - Future Bass,0,7
You Know Why.mp3,Unknown,Electro (Classic - Detroit - Modern),22,1
The Illest.mp3,Unknown,Bass House,0,7
Telluric.mp3,Unknown,Bass - Club,22,1
Tom's Diner.mp3,Unknown,Deep House,1,1
Spin Me Around.mp3,Unknown,Funky House,30,7
Shout.mp3,Unknown,Melodic House & Techno,20,5
Da Phunky.mp3,Unknown,Jackin House,7,5
Infinite Sunrise.mp3,Unknown,Techno (Peak Time - Driving),29,8
Paradise Again.mp3,Unknown,Progressive House,32,7
James Bande.mp3,Unknown,Deep House,0,7
MERTHER.mp3,Unknown,Tech House,4,8
STYLEZ.mp3,Unknown,Dubstep,9,5
24 (Turn It Up).mp3,Unknown,House,20,5
Wake The F Up.mp3,Unknown,Hard Dance - Hardcore - Neo Rave,13,8
Fama Land.mp3,Unknown,Melodic House & Techno,4,8
Let Me Go.mp3,Unknown,Trance (Main Floor),14,8
DABADABADABADABA.mp3,Unknown,Trap - Future Bass,8,3
Duppy Dub.mp3,Unknown,Bass - Club,8,3
Incunabula.mp3,Unknown,Bass - Club,3,4
Criminal.mp3,Unknown,140 - Deep Dubstep - Grime,8,3
That's Right.mp3,Unknown,Deep House,32,8
Blow My Mind.mp3,Unknown,Minimal - Deep Tech,19,7
Danza Kuduro.mp3,Unknown,Funky House,30,7
Energy.mp3,Unknown,Techno (Peak Time - Driving),4,8
Days Without You.mp3,Unknown,Downtempo,12,3
Run Di Area.mp3,Unknown,Drum & Bass,16,7
Kick Some Ass.mp3,Unknown,Hard Techno,26,8
Thunder Swing.mp3,Unknown,Techno (Peak Time - Driving),29,8
Big Bada Boom.mp3,Unknown,Hard Dance - Hardcore - Neo Rave,23,3
Jump.mp3,Unknown,UK Garage - Bassline,4,8
Do It Everything.mp3,Unknown,Organic House,32,8
Grinder.mp3,Unknown,Techno (Peak Time - Driving),29,8
Goes Off.mp3,Unknown,UK Garage - Bassline,7,5
Rummen.mp3,Unknown,Downtempo,11,7
Guess I Never Know.mp3,Unknown,Bass House,17,7
Call Me Maybe.mp3,Unknown,Dance - Pop,30,7
Lost Subjects.mp3,Unknown,Jackin House,30,7
Gotta Maintain.mp3,Unknown,UK Garage - Bassline,0,7
Sneakers.mp3,Unknown,140 - Deep Dubstep - Grime,24,5
Dystopia.mp3,Unknown,Hard Techno,26,8
Rockets.mp3,Unknown,Trance (Main Floor),22,1
Can't Get Enough Of Your Luv.mp3,Unknown,Funky House,30,7
Touch This.mp3,Unknown,Bass - Club,12,3
7 Days a Freak.mp3,Unknown,Bass House,20,5
Light It Up.mp3,Unknown,Indie Dance,17,7
Robo Rockin.mp3,Unknown,Melodic House & Techno,29,8
Woops.mp3,Unknown,Hard Dance - Hardcore - Neo Rave,23,3
KGM(irl)*.mp3,Unknown,Trap - Future Bass,26,8
Nineteen 84.mp3,Unknown,Bass House,19,7
Bang.mp3,Unknown,Jackin House,30,7
Run It.mp3,Unknown,UK Garage - Bassline,17,7
We Have A Disco.mp3,Unknown,Nu Disco - Disco,17,7
Refrains Of Nature.mp3,Unknown,Trance (Main Floor),4,8
Say My Name.mp3,Unknown,Tech House,17,7
If Not Me.mp3,Unknown,Drum & Bass,9,5
Soul Collector.mp3,Unknown,Progressive House,32,8
Smells Like Teen Spirit.mp3,Unknown,Hard Dance - Hardcore - Neo Rave,26,8
Where We Started.mp3,Unknown,Bass House,17,7
North LDN.mp3,Unknown,Breaks - Breakbeat - UK Bass,7,5
Get Down.mp3,Unknown,Organic House,32,8
Synergy.mp3,Unknown,Psy-Trance,29,8
WONKY.mp3,Unknown,Trap - Future Bass,8,3
Rhythm Of The Night (R3HAB Edit).mp3,Unknown,Mainstage,20,5
Ink.mp3,Unknown,Techno (Raw - Deep - Hypnotic),22,1
Clutch.mp3,Unknown,140 - Deep Dubstep - Grime,33,7
Reverse Bass Line.mp3,Unknown,Hard Dance - Hardcore - Neo Rave,26,8
Can You Feel It.mp3,Unknown,Bass House,4,7
Playboy.mp3,Unknown,Tech House,1,1
Afterlife Dimension.mp3,Unknown,Trance (Raw - Deep - Hypnotic),11,8
Something.mp3,Unknown,Psy-Trance,22,1
Disco Tetris.mp3,Unknown,House,0,7
Sunglasses At Night.mp3,Unknown,Funky House,4,7
Less Is More.mp3,Unknown,Techno (Raw - Deep - Hypnotic),22,1
How does it Feel.mp3,Unknown,Funky House,7,5
Alone.mp3,Unknown,Bass House,6,3
Darling.mp3,Unknown,Deep House,0,7
Know U Better.mp3,Unknown,Deep House,1,1
Peach.mp3,Unknown,UK Garage - Bassline,19,7
Plant Medicine.mp3,Unknown,Psy-Trance,29,8
Que Linda.mp3,Unknown,Afro House,6,3
Chernobyl.mp3,Unknown,Breaks - Breakbeat - UK Bass,29,8
Come with Us.mp3,Unknown,Psy-Trance,22,1
Ajuti.mp3,Unknown,Organic House,30,7
Tell Me.mp3,Unknown,House,19,8
Pepper.mp3,Unknown,Trap - Future Bass,8,3
Butter.mp3,Unknown,Nu Disco - Disco,19,7
Shiver.mp3,Unknown,Melodic House & Techno,20,5
Maria.mp3,Unknown,Deep House,7,5
Waited All Night feat. The xx.mp3,Unknown,Bass - Club,29,7
FM9.mp3,Unknown,Techno (Raw - Deep - Hypnotic),22,1
Shingleback.mp3,Unknown,Breaks - Breakbeat - UK Bass,17,7
Flight Tracker.mp3,Unknown,Techno (Raw - Deep - Hypnotic),19,7
Bitches Over Boys.mp3,Unknown,Bass House,30,7
Polar Lights.mp3,Unknown,Organic House,14,8
Left Right Left.mp3,Unknown,Breaks - Breakbeat - UK Bass,24,5
Love Music.mp3,Unknown,Funky House,7,5
Dat Tracks.mp3,Unknown,Jackin House,30,7
Don't Worry.mp3,Unknown,Deep House,32,7
Hey.mp3,Unknown,Afro House,0,7
Universal Synapses.mp3,Unknown,Psy-Trance,29,8
Me Gusta.mp3,Unknown,Deep House,32,7
That Funk.mp3,Unknown,Jackin House,0,7
Half Life 3.mp3,Unknown,Drum & Bass,2,3
Expressions.mp3,Unknown,Minimal - Deep Tech,19,7
Set Me Free.mp3,Unknown,UK Garage - Bassline,19,7
WYAWYS.mp3,Unknown,140 - Deep Dubstep - Grime,8,3
Levitate.mp3,Unknown,Breaks - Breakbeat - UK Bass,33,7
Hideaway.mp3,Unknown,Electronica,12,3
Beat Of The Drum.mp3,Unknown,Tech House,0,7
Do It Everything (feat. Bevin Fagan).mp3,Unknown,Organic House,32,8
Make You Trip.mp3,Unknown,Trance (Main Floor),1,1
Mooger.mp3,Unknown,Trance (Raw - Deep - Hypnotic),14,8
0506+056.mp3,Unknown,Trap - Future Bass,33,7
Acid Grit.mp3,Unknown,Electro (Classic - Detroit - Modern),1,1
Reframing.mp3,Unknown,Ambient - Experimental,14,7
Meraki.mp3,Unknown,Progressive House,32,8
All You Want.mp3,Unknown,Hard Techno,13,8
"Pop, Lock, Drop It.mp3",Unknown,Breaks - Breakbeat - UK Bass,19,7
IFUNA.mp3,Unknown,Techno (Peak Time - Driving),4,8
I Want Your Love.mp3,Unknown,Nu Disco - Disco,32,8
All That I Can.mp3,Unknown,UK Garage - Bassline,7,5
LEFT TO RIGHT.mp3,Unknown,Bass House,19,7
Graveyard Shift.mp3,Unknown,Hard Techno,26,8
Le Délire Bass.mp3,Unknown,Bass - Club,1,1
2MUCH.mp3,Unknown,Drum & Bass,9,5
Everybody.mp3,Unknown,Indie Dance,30,7
Hydra.mp3,Unknown,Techno (Raw - Deep - Hypnotic),13,8
Passing By.mp3,Unknown,Downtempo,11,8
Sequence Start.mp3,Unknown,Trance (Raw - Deep - Hypnotic),13,8
Cogunluk.mp3,Unknown,Downtempo,11,8
Pump It Louder.mp3,Unknown,Dance - Pop,20,5
Future.mp3,Unknown,Progressive House,30,7
Make A Record.mp3,Unknown,Minimal - Deep Tech,7,5
Brushcutter.mp3,Unknown,Breaks - Breakbeat - UK Bass,12,3
La Verdolaga feat. Totó La Momposina.mp3,Unknown,Afro House,22,1
Rosewood.mp3,Unknown,Electronica,9,5
Keep That Humpty Hump.mp3,Unknown,Funky House,7,5
Inhale Exhale.mp3,Unknown,Trap - Future Bass,33,7
A Little Closer.mp3,Unknown,UK Garage - Bassline,0,7
In Your Mind.mp3,Unknown,Breaks - Breakbeat - UK Bass,19,8
Trinity.mp3,Unknown,Ambient - Experimental,2,3
Aliens Among Us.mp3,Unknown,Electro (Classic - Detroit - Modern),0,7
Rave With Me.mp3,Unknown,Trance (Main Floor),14,8
Une Nuit À La Cour.mp3,Unknown,Jackin House,19,7
Crawling.mp3,Unknown,Mainstage,20,5
That's The Way feat. N2N.mp3,Unknown,Bass House,19,7
Everytime I Look Around.mp3,Unknown,Funky House,30,7
Endless Want.mp3,Unknown,Techno (Peak Time - Driving),29,8
Hands Up High.mp3,Unknown,Electronica,13,8
Stella.mp3,Unknown,Jackin House,0,7
Groove Your Mind.mp3,Unknown,Tech House,17,7
A Little Conversation.mp3,Unknown,House,19,7
Beyond Belief.mp3,Unknown,Trance (Main Floor),14,8
Zero Relation (feat. SLM).mp3,Unknown,House,1,1
Euphoria.mp3,Unknown,Progressive House,32,8
Everything You Have Done.mp3,Unknown,Bass House,29,8
Motion Therapy.mp3,Unknown,Bass - Club,22,1
Gucci.mp3,Unknown,Mainstage,4,8
Mirador.mp3,Unknown,Trance (Raw - Deep - Hypnotic),14,8
Caravan Petrol.mp3,Unknown,Funky House,30,7
Gone Home.mp3,Unknown,Trance (Main Floor),14,8
Prudence.mp3,Unknown,Deep House,0,7
Echoes from the Future.mp3,Unknown,Psy-Trance,29,8
Superstar.mp3,Unknown,Amapiano,9,5
Heartbreaka.mp3,Unknown,Bass - Club,22,1
Neverplace.mp3,Unknown,Techno (Raw - Deep - Hypnotic),29,8
Let's Get Them High.mp3,Unknown,Hard Techno,26,8
Nomacita.mp3,Unknown,Melodic House & Techno,29,8
Downtown.mp3,Unknown,Deep House,0,7
Beautiful People.mp3,Unknown,Dance - Pop,20,5
Reflections.mp3,Unknown,Trance (Main Floor),14,8
Always Deep.mp3,Unknown,Progressive House,22,1
Da Fonk feat. Joni.mp3,Unknown,House,6,3
BADDERS.mp3,Unknown,140 - Deep Dubstep - Grime,24,5
Stay In Your Lane.mp3,Unknown,140 - Deep Dubstep - Grime,8,3
Groove 144.mp3,Unknown,Jackin House,0,7
Children.mp3,Unknown,Trance (Main Floor),14,8
Alabora.mp3,Unknown,Downtempo,9,5
Hypnotising.mp3,Unknown,Mainstage,9,5
Time Of Our Lives.mp3,Unknown,UK Garage - Bassline,17,7
Shed Your Light.mp3,Unknown,Trance (Main Floor),29,8
Tears feat. Paige Cavell.mp3,Unknown,Melodic House & Techno,32,7
FREAK UP.mp3,Unknown,Mainstage,17,7
Music Therapy.mp3,Unknown,Psy-Trance,29,8
Time to Change.mp3,Unknown,UK Garage - Bassline,4,7
Aerobic.mp3,Unknown,Organic House,22,1
Themba.mp3,Unknown,Amapiano,9,5
Godfather Stabs.mp3,Unknown,UK Garage - Bassline,12,3
Reading Your Mind.mp3,Unknown,Techno (Peak Time - Driving),22,1
Healing.mp3,Unknown,Indie Dance,32,7
THE RAID.mp3,Unknown,Tech House,6,3
RITMO.mp3,Unknown,Melodic House & Techno,29,8
Tokato.mp3,Unknown,Indie Dance,1,1
Good Girls.mp3,Unknown,Tech House,17,7
"flex fm (freddit) feat. Future, Lil Yachty, Playboi Carti feat. Lil Yachty feat. Future feat. Playboi Carti.mp3",Unknown,Breaks - Breakbeat - UK Bass,19,7
Fear Of The Unknown.mp3,Unknown,Techno (Raw - Deep - Hypnotic),29,8
vision (wish u could see).mp3,Unknown,Trap - Future Bass,7,5
My Vibe.mp3,Unknown,Hard Techno,26,8
GET JUMPING.mp3,Unknown,Techno (Peak Time - Driving),13,8
Get Down & Hands Up.mp3,Unknown,Funky House,30,7
It's Been a While.mp3,Unknown,Psy-Trance,22,1
Spirit Whistler.mp3,Unknown,Amapiano,11,7
Love Each Other feat. Merge Of Equals.mp3,Unknown,Ambient - Experimental,12,3
Get It.mp3,Unknown,Bass - Club,22,1
U Should Not Be Doing That.mp3,Unknown,Mainstage,19,7
Guilt.mp3,Unknown,Techno (Raw - Deep - Hypnotic),24,5
Na Le.mp3,Unknown,Psy-Trance,29,8
Lethal Industry.mp3,Unknown,Mainstage,4,8
Pursuit Of Happiness.mp3,Unknown,Mainstage,7,5
Zero Gravity.mp3,Unknown,Techno (Raw - Deep - Hypnotic),4,8
The Call of the Samurai.mp3,Unknown,Downtempo,22,1
Hidden Worlds.mp3,Unknown,Techno (Peak Time - Driving),19,8
Raf.mp3,Unknown,House,19,7
BACKN4TH.mp3,Unknown,140 - Deep Dubstep - Grime,8,3
Abyss.mp3,Unknown,Techno (Raw - Deep - Hypnotic),22,1
Hands Up.mp3,Unknown,Minimal - Deep Tech,1,1
Pulse.mp3,Unknown,Organic House,22,1
MR. SANDMAN.mp3,Unknown,UK Garage - Bassline,7,5
90s Bitch.mp3,Unknown,Hard Dance - Hardcore - Neo Rave,26,8
Una Hora Más.mp3,Unknown,Techno (Peak Time - Driving),13,8
Love Seeking.mp3,Unknown,Nu Disco - Disco,12,3
Have You Ever Seen The Rain.mp3,Unknown,Dance - Pop,19,7
New Dimension.mp3,Unknown,Breaks - Breakbeat - UK Bass,33,7
Sola.mp3,Unknown,Tech House,1,1
Mad Ting.mp3,Unknown,140 - Deep Dubstep - Grime,24,5
Discomagic.mp3,Unknown,Deep House,12,3
Funky 4 Life.mp3,Unknown,Jackin House,0,7
Fus 200.mp3,Unknown,Jackin House,30,7
DURO.mp3,Unknown,Melodic House & Techno,4,8
Let Me Go.mp3,Unknown,Techno (Peak Time - Driving),29,8
GTAmapiano.mp3,Unknown,Amapiano,12,3
Sorry Not Sorry.mp3,Unknown,Trance (Raw - Deep - Hypnotic),22,1
Self Control.mp3,Unknown,Nu Disco - Disco,19,7
I Wanna Dance.mp3,Unknown,Hard Techno,26,8
Bass Boys.mp3,Unknown,Hard Dance - Hardcore - Neo Rave,13,8
Feel My Desire.mp3,Unknown,Trance (Main Floor),7,5
Always Move Forward.mp3,Unknown,Melodic House & Techno,29,8
Girls.mp3,Unknown,Bass - Club,1,1
Another Dimension.mp3,Unknown,Hard Techno,20,5
Sunrise.mp3,Unknown,Melodic House & Techno,32,8
Work You Back.mp3,Unknown,UK Garage - Bassline,0,7
Rastaman.mp3,Unknown,Afro House,6,3
Are U Ready.mp3,Unknown,Trance (Raw - Deep - Hypnotic),19,7
The Way I Are.mp3,Unknown,Mainstage,29,8
Rise Up feat. London Community Gospel Choir.mp3,Unknown,UK Garage - Bassline,6,3
What is Downtempo?.mp3,Unknown,Downtempo,12,3
Less Is More.mp3,Unknown,Nu Disco - Disco,19,7
Do You Need This?.mp3,Unknown,Downtempo,11,8
Sauti.mp3,Unknown,Afro House,6,3
Money (Thats What I Want).mp3,Unknown,Indie Dance,12,3
On Repeat.mp3,Unknown,Tech House,1,1
Soldier.mp3,Unknown,DJ Tools,31,3
Sirens.mp3,Unknown,Electro (Classic - Detroit - Modern),1,1
Cups.mp3,Unknown,Electronica,11,7
Latinos en Nueva York.mp3,Unknown,Nu Disco - Disco,1,1
Choose Life.mp3,Unknown,Melodic House & Techno,19,7
About Listening.mp3,Unknown,Jackin House,17,7
Bacilando.mp3,Unknown,Mainstage,29,8
ANOTHA ONE.mp3,Unknown,Hard Dance - Hardcore - Neo Rave,26,8
High Priestesses (Neo Trance).mp3,Unknown,Trance (Raw - Deep - Hypnotic),13,8
Let's Do it Again.mp3,Unknown,Bass House,17,7
Nettle Dweller.mp3,Unknown,Bass - Club,19,7
15 Seconds of Fame.mp3,Unknown,Minimal - Deep Tech,17,7
Say It Right.mp3,Unknown,Dance - Pop,20,5
This Feeling.mp3,Unknown,Trance (Main Floor),14,8
Kiss Girl.mp3,Unknown,Hard Dance - Hardcore - Neo Rave,13,8
Dogma.mp3,Unknown,Bass - Club,24,5
Maria Maria.mp3,Unknown,Afro House,6,3
Light The Fire.mp3,Unknown,Melodic House & Techno,14,8
lose my head.mp3,Unknown,UK Garage - Bassline,17,7
Can We Still Be Friends? (with Laurence Guy).mp3,Unknown,Electronica,20,5
24 (Turn It Up).mp3,Unknown,Nu Disco - Disco,11,7
More Kindness.mp3,Unknown,Progressive House,32,8
We Collide.mp3,Unknown,Techno (Raw - Deep - Hypnotic),22,1
Exoskeleton.mp3,Unknown,Techno (Raw - Deep - Hypnotic),17,8
My Love.mp3,Unknown,Electro (Classic - Detroit - Modern),29,8
A LITTLE BIT FUNKIER.mp3,Unknown,Deep House,7,5
Keep The Faith.mp3,Unknown,Mainstage,14,8
Turn my voice up.mp3,Unknown,Techno (Raw - Deep - Hypnotic),22,1
Soul Vibration (feat. Angie Brown).mp3,Unknown,House,32,7
No Going Back.mp3,Unknown,Breaks - Breakbeat - UK Bass,33,7
Tik Tak.mp3,Unknown,Afro House,22,1
Do For Your Love.mp3,Unknown,Melodic House & Techno,20,5
Original Vintage.mp3,Unknown,Breaks - Breakbeat - UK Bass,0,7
Endless Motion.mp3,Unknown,Indie Dance,19,7
Ni Una Sola Palabra.mp3,Unknown,Electronica,15,5
Forbidden Voices.mp3,Unknown,Dance - Pop,13,8
Make Some Noise.mp3,Unknown,Breaks - Breakbeat - UK Bass,4,7
Yapper.mp3,Unknown,Techno (Peak Time - Driving),22,1
Oops Lasers.mp3,Unknown,Bass - Club,22,1
Namtso.mp3,Unknown,Organic House,14,8
Mind Trip.mp3,Unknown,Trance (Raw - Deep - Hypnotic),1,1
set me free.mp3,Unknown,Afro House,14,8
Ménage À Trois.mp3,Unknown,Tech House,17,7
Aether.mp3,Unknown,Melodic House & Techno,20,5
Time To Start.mp3,Unknown,Hard Techno,26,8
No One Takes Me Down.mp3,Unknown,Hard Techno,15,5
Work It.mp3,Unknown,Minimal - Deep Tech,19,7
Ode To Beachball.mp3,Unknown,Trance (Raw - Deep - Hypnotic),22,1
Box the Outside Think.mp3,Unknown,Psy-Trance,29,7
A Little Closer.mp3,Unknown,Dance - Pop,19,8
Friction.mp3,Unknown,Techno (Raw - Deep - Hypnotic),4,8
Expand Your Mind.mp3,Unknown,DJ Tools,3,4
5 Mins Of Acid.mp3,Unknown,Trance (Raw - Deep - Hypnotic),22,1
Papillon.mp3,Unknown,Hard Techno,26,8
CONTEXT.mp3,Unknown,Breaks - Breakbeat - UK Bass,17,7
Got The Feeling.mp3,Unknown,Breaks - Breakbeat - UK Bass,19,7
Fly Life.mp3,Unknown,House,17,7
I Feel.mp3,Unknown,Psy-Trance,22,1
Same & Same.mp3,Unknown,Downtempo,11,8
Menticide.mp3,Unknown,Dubstep,8,3
All My People.mp3,Unknown,UK Garage - Bassline,0,7
Make Me Feel.mp3,Unknown,Melodic House & Techno,14,8
Arsonist.mp3,Unknown,Mainstage,19,7
Khonani Vhukuma (feat. Prefer Wice & General Production).mp3,Unknown,Amapiano,12,3
Inhuman.mp3,Unknown,Techno (Peak Time - Driving),19,8
Mdali Ndiyakucela.mp3,Unknown,Amapiano,11,7
The Hammerman.mp3,Unknown,Techno (Raw - Deep - Hypnotic),19,7
Feel Alive.mp3,Unknown,Trance (Main Floor),29,8
Follow the Flow.mp3,Unknown,Psy-Trance,22,1
Blue Fear.mp3,Unknown,Trance (Main Floor),14,8
Pow.mp3,Unknown,Hard Dance - Hardcore - Neo Rave,13,8
Voice Recognition feat. Leo Wood.mp3,Unknown,Progressive House,32,7
Baggy Black Jeans.mp3,Unknown,Bass House,7,5
Fired Up.mp3,Unknown,Trap - Future Bass,33,7
Macabre Light.mp3,Unknown,Downtempo,11,8
Passion.mp3,Unknown,Nu Disco - Disco,11,7
Get Together.mp3,Unknown,Electro (Classic - Detroit - Modern),33,7
Stephanie.mp3,Unknown,Tech House,33,7
Ode.mp3,Unknown,Techno (Raw - Deep - Hypnotic),1,1
Here With Me.mp3,Unknown,Trap - Future Bass,2,3
All That She Wants.mp3,Unknown,Funky House,30,7
Baby Hot Stuff.mp3,Unknown,Nu Disco - Disco,7,5
Kick The Nation.mp3,Unknown,Mainstage,4,7
Circles.mp3,Unknown,Trance (Main Floor),20,5
In The City.mp3,Unknown,Jackin House,0,7
Wake Me Up.mp3,Unknown,Dance - Pop,6,3
Spring Girl.mp3,Unknown,Indie Dance,1,1
Kickin' It.mp3,Unknown,House,30,7
Shella Verse.mp3,Unknown,UK Garage - Bassline,7,5
It Can't Hurt.mp3,Unknown,Ambient - Experimental,2,3
LQPP.mp3,Unknown,Tech House,1,1
Hollow (feat. Bonn).mp3,Unknown,Mainstage,14,8
as i do.mp3,Unknown,140 - Deep Dubstep - Grime,24,5
Dreamin feat. Daya.mp3,Unknown,Tech House,19,7
Pressure.mp3,Unknown,Tech House,19,7
Someone Said Acid?.mp3,Unknown,Hard Techno,26,8
Feel It.mp3,Unknown,Jackin House,19,7
Drum Death.mp3,Unknown,Tech House,22,1
Seams.mp3,Unknown,Downtempo,22,1
Underground.mp3,Unknown,Bass House,0,7
All The Love.mp3,Unknown,Melodic House & Techno,14,8
Fede.mp3,Unknown,Amapiano,12,3
Escape (John Summit Remix).mp3,Unknown,Dance - Pop,29,8
Keep It Up.mp3,Unknown,Minimal - Deep Tech,17,7
The Music.mp3,Unknown,Indie Dance,0,7
Rave.mp3,Unknown,Techno (Peak Time - Driving),20,5
Let the Beat Control Your Body.mp3,Unknown,Techno (Peak Time - Driving),29,8
Brain On Drugs.mp3,Unknown,Bass House,19,7
A Love Like You.mp3,Unknown,Trance (Main Floor),14,8
Heat.mp3,Unknown,House,20,5
Pendulum.mp3,Unknown,Trance (Main Floor),14,8
B My Lover.mp3,Unknown,Funky House,30,7
Don't Stop.mp3,Unknown,Trance (Raw - Deep - Hypnotic),13,8
Cosmic Urges.mp3,Unknown,Progressive House,32,7
One of Us.mp3,Unknown,Techno (Raw - Deep - Hypnotic),29,8
I Found You.mp3,Unknown,Breaks - Breakbeat - UK Bass,19,7
Twenty Three.mp3,Unknown,Tech House,19,7
Mr Brightside.mp3,Unknown,Indie Dance,11,7
Pull Up.mp3,Unknown,Bass - Club,17,7
Energy.mp3,Unknown,Mainstage,15,5
Cobble Pot.mp3,Unknown,Electronica,33,7
Never Knew Luv Like This.mp3,Unknown,Funky House,30,7
Umngani.mp3,Unknown,Amapiano,32,7
Upgraded.mp3,Unknown,Bass House,19,7
Love And Other Drugs.mp3,Unknown,Deep House,7,5
Push Pull.mp3,Unknown,DJ Tools,12,3
Body Move.mp3,Unknown,Techno (Peak Time - Driving),20,5
Eh Wut.mp3,Unknown,Bass - Club,1,1
Push the Feeling On.mp3,Unknown,Nu Disco - Disco,33,7
Do It Now.mp3,Unknown,Bass - Club,22,1
Harmonia.mp3,Unknown,Electro (Classic - Detroit - Modern),17,7
L'Amour Toujours.mp3,Unknown,Mainstage,4,8
Otherworldly Forces.mp3,Unknown,Ambient - Experimental,14,8
Armed & Dangerous.mp3,Unknown,UK Garage - Bassline,0,7
Neon Burst.mp3,Unknown,Techno (Peak Time - Driving),29,8
Touch The Light.mp3,Unknown,Trance (Main Floor),14,8
No Scrubs.mp3,Unknown,Nu Disco - Disco,0,7
So U Kno.mp3,Unknown,Electronica,17,7
For Your Head.mp3,Unknown,Tech House,19,7
U.mp3,Unknown,Breaks - Breakbeat - UK Bass,4,8
Flex My Ice.mp3,Unknown,Melodic House & Techno,19,7
dontstopme! (demo).mp3,Unknown,Trap - Future Bass,23,3
Back 2 The Rave.mp3,Unknown,Dubstep,24,5
Fast Cars & Superstars.mp3,Unknown,Bass House,17,7
Proper Whopper.mp3,Unknown,Minimal - Deep Tech,7,5
Light Up.mp3,Unknown,Dubstep,31,3
Holte.mp3,Unknown,Tech House,20,5
Fractal.mp3,Unknown,Progressive House,32,8
Atlas.mp3,Unknown,Electronica,14,8
Ganja.mp3,Unknown,Psy-Trance,29,8
FAREWELL.mp3,Unknown,Melodic House & Techno,20,5
Anxious.mp3,Unknown,Trap - Future Bass,13,8
Eventide.mp3,Unknown,Techno (Peak Time - Driving),29,8
PlayBooyz.mp3,Unknown,Minimal - Deep Tech,0,7
Dame Más (Gasolina).mp3,Unknown,Tech House,22,1
More Love.mp3,Unknown,Melodic House & Techno,32,8
Badders.mp3,Unknown,140 - Deep Dubstep - Grime,8,3
Low Battery.mp3,Unknown,Downtempo,11,8
Bad Mad.mp3,Unknown,Bass House,17,8
Beat Keep Rockin'.mp3,Unknown,Hard Dance - Hardcore - Neo Rave,17,7
Mecha.mp3,Unknown,Bass - Club,22,1
KHONKOTHA  (feat. Teraphonique & Alex Avenues).mp3,Unknown,Amapiano,12,3
Brostep Flow.mp3,Unknown,Dubstep,24,5
Palesa.mp3,Unknown,Amapiano,12,3
Beat.mp3,Unknown,140 - Deep Dubstep - Grime,24,5
The Weekend.mp3,Unknown,House,6,3
Magic Circus.mp3,Unknown,Indie Dance,1,1
Funky Gambler.mp3,Unknown,Jackin House,1,1
Factsss.mp3,Unknown,Indie Dance,19,8
Survivor.mp3,Unknown,Funky House,30,7
Forever (feat. Malou & Yuna).mp3,Unknown,Afro House,14,8
Must Be The Love.mp3,Unknown,Progressive House,14,8
Insane.mp3,Unknown,Bass House,7,5
Control.mp3,Unknown,Mainstage,6,3
Toxic Piss.mp3,Unknown,Electro (Classic - Detroit - Modern),6,3
Shiver.mp3,Unknown,Dance - Pop,4,8
Bass Keeps Going.mp3,Unknown,Hard Techno,26,8
Lose Control.mp3,Unknown,140 - Deep Dubstep - Grime,24,5
3rd Eye.mp3,Unknown,Psy-Trance,29,8
These Words.mp3,Unknown,Dance - Pop,19,7
Dark Vengeance.mp3,Unknown,Drum & Bass,2,3
SOS.mp3,Unknown,Dubstep,23,3
Brighter Days.mp3,Unknown,House,19,7
Spacer Woman.mp3,Unknown,Electro (Classic - Detroit - Modern),11,8
Less Attention.mp3,Unknown,Techno (Peak Time - Driving),29,8
Retina Paw.mp3,Unknown,Breaks - Breakbeat - UK Bass,29,8
Stranger In A Strange World.mp3,Unknown,Progressive House,32,8
El Baile.mp3,Unknown,Trance (Raw - Deep - Hypnotic),22,1
Tara Tura.mp3,Unknown,Afro House,9,5
Pana Cand Nu Te Iubeam.mp3,Unknown,Organic House,1,1
ISCABHA.mp3,Unknown,Amapiano,9,5
Tell Me Why.mp3,Unknown,Mainstage,13,8
Fine Day.mp3,Unknown,Progressive House,32,8
It Feels Much Better.mp3,Unknown,Nu Disco - Disco,12,3
Goosebumps.mp3,Unknown,Trap - Future Bass,8,3
Human Bean.mp3,Unknown,Psy-Trance,17,7
Still Pushin'.mp3,Unknown,Minimal - Deep Tech,1,1
Let You Go.mp3,Unknown,Dance - Pop,14,8
Stoned.mp3,Unknown,Psy-Trance,33,7
Ain't No Other Man.mp3,Unknown,Funky House,17,7
Rap Das Armas.mp3,Unknown,Tech House,12,3
Momentum.mp3,Unknown,Organic House,32,8
Bla Bla Bla.mp3,Unknown,Hard Dance - Hardcore - Neo Rave,26,8
Bump Artist.mp3,Unknown,Minimal - Deep Tech,12,3
The Age Of Love.mp3,Unknown,Trance (Main Floor),32,8
A Distant Hope.mp3,Unknown,Trance (Main Floor),14,8
Umbra.mp3,Unknown,Techno (Peak Time - Driving),4,8
Nterini 2.0.mp3,Unknown,Afro House,6,3
Angel In The Dark.mp3,Unknown,Melodic House & Techno,6,3
90s Dreamin'.mp3,Unknown,Deep House,12,3
We Are The People.mp3,Unknown,Indie Dance,32,7
Tuff Stuff.mp3,Unknown,Electro (Classic - Detroit - Modern),33,7
Bane.mp3,Unknown,140 - Deep Dubstep - Grime,33,7
Mia Mia.mp3,Unknown,Electronica,11,8
Cuerpo.mp3,Unknown,Tech House,1,1
Heute Nacht.mp3,Unknown,Trance (Main Floor),29,8
ITHEMBA.mp3,Unknown,Amapiano,30,7
Resurface.mp3,Unknown,Electro (Classic - Detroit - Modern),1,1
GOING UP.mp3,Unknown,Dubstep,23,3
Ex Machina.mp3,Unknown,Techno (Peak Time - Driving),29,8
TOO COOL TO BE CARELESS.mp3,Unknown,House,1,1
Moving Machines.mp3,Unknown,Techno (Peak Time - Driving),19,7
Melodia.mp3,Unknown,Techno (Peak Time - Driving),4,8
Say My Name.mp3,Unknown,Dance - Pop,6,3
Withering Space.mp3,Unknown,Trance (Raw - Deep - Hypnotic),14,8
Drown.mp3,Unknown,Dubstep,23,3
Fruit Of Knowledge.mp3,Unknown,Electronica,22,1
Need Right.mp3,Unknown,Bass - Club,1,1
My Eyes.mp3,Unknown,Melodic House & Techno,19,8
Sweet Dreams.mp3,Unknown,DJ Tools,31,3
A Glitch.mp3,Unknown,Downtempo,9,5
Back To You.mp3,Unknown,Nu Disco - Disco,1,1
Just Over.mp3,Unknown,Electronica,14,8
Stephanie.mp3,Unknown,Breaks - Breakbeat - UK Bass,33,7
When I Rock.mp3,Unknown,Techno (Peak Time - Driving),4,8
(T) Error.mp3,Unknown,Electro (Classic - Detroit - Modern),33,7
Give Me Love.mp3,Unknown,Trance (Raw - Deep - Hypnotic),30,7
Get Lively.mp3,Unknown,UK Garage - Bassline,19,7
All Night (Extended Mix).mp3,Unknown,Trance (Main Floor),4,8
Don't You Want Me.mp3,Unknown,Trance (Main Floor),13,8
Mic On Fire.mp3,Unknown,Hard Dance - Hardcore - Neo Rave,26,8
We Are The Brave.mp3,Unknown,Hard Techno,15,5
Ultraviolet.mp3,Unknown,Electronica,29,7
I like your style.mp3,Unknown,Amapiano,12,3
Punk.mp3,Unknown,Melodic House & Techno,14,8
Closer.mp3,Unknown,Deep House,6,3
Blaster.mp3,Unknown,Breaks - Breakbeat - UK Bass,24,5
Children.mp3,Unknown,Organic House,32,7
Music Sounds Better With You.mp3,Unknown,House,9,5
Rough.mp3,Unknown,140 - Deep Dubstep - Grime,31,3
Safe & Sound feat. Moa Lisa.mp3,Unknown,Mainstage,6,3
Bananas.mp3,Unknown,Bass House,19,7
Techno Is My Only Drug.mp3,Unknown,Trance (Main Floor),14,8
Check.mp3,Unknown,Breaks - Breakbeat - UK Bass,19,7
MY LEVEL (EGOTRIP).mp3,Unknown,Trap - Future Bass,24,5
Counting.mp3,Unknown,140 - Deep Dubstep - Grime,8,3
Secret.mp3,Unknown,Techno (Peak Time - Driving),4,8
Psycho.mp3,Unknown,Techno (Raw - Deep - Hypnotic),22,1
"Bitch, Don't Kill My Vibe.mp3",Unknown,Tech House,1,1
Moon.mp3,Unknown,Deep House,0,7
En La Niebla.mp3,Unknown,Downtempo,22,1
Seconds.mp3,Unknown,Techno (Raw - Deep - Hypnotic),22,1
in2minds.mp3,Unknown,Bass House,29,8
Stereodrama.mp3,Unknown,Progressive House,32,8
Let It Flow.mp3,Unknown,Deep House,19,7
Voice Activated.mp3,Unknown,Electro (Classic - Detroit - Modern),1,1
First Choice.mp3,Unknown,Indie Dance,9,5
Don't Stop.mp3,Unknown,Tech House,1,1
I Guess We're Not The Same.mp3,Unknown,UK Garage - Bassline,24,5
Uyaphapha Marn.mp3,Unknown,Amapiano,12,3
Matilda.mp3,Unknown,Downtempo,22,1
Serenata.mp3,Unknown,Organic House,19,7
Bulls On Parade.mp3,Unknown,Dubstep,23,3
Diamond.mp3,Unknown,140 - Deep Dubstep - Grime,8,3
Like This Like That.mp3,Unknown,Bass House,17,7
Sunrise on Saturn.mp3,Unknown,Electro (Classic - Detroit - Modern),22,1
ALL MY PEOPLE.mp3,Unknown,Dance - Pop,0,7
Dreamcatcher.mp3,Unknown,Ambient - Experimental,18,3
The Underground.mp3,Unknown,Tech House,12,3
Zeit.mp3,Unknown,Trance (Raw - Deep - Hypnotic),19,7
Its So Good.mp3,Unknown,Bass - Club,19,7
New Culture (feat. Thesiix).mp3,Unknown,Amapiano,12,3
Xtra Euphoria.mp3,Unknown,Trance (Raw - Deep - Hypnotic),29,8
UNTITLED SINES.mp3,Unknown,UK Garage - Bassline,12,3
She The Last One.mp3,Unknown,Melodic House & Techno,19,7
Hooked.mp3,Unknown,UK Garage - Bassline,6,3
In Da Club.mp3,Unknown,Bass House,29,8
BITE (MY STYLE).mp3,Unknown,Trap - Future Bass,23,3
Kalima.mp3,Unknown,Psy-Trance,33,7
Jalek.mp3,Unknown,Breaks - Breakbeat - UK Bass,19,7
Bana Ba Straata.mp3,Unknown,Amapiano,12,3
Throw Some Ass.mp3,Unknown,Bass House,19,7
Time Is The Healer.mp3,Unknown,Mainstage,4,7
Funk Party.mp3,Unknown,Nu Disco - Disco,7,5
YOU WERE BLEEDING ON THIS PAGE.mp3,Unknown,Dubstep,23,3
I Look Good.mp3,Unknown,Tech House,4,8
Hacked Lime.mp3,Unknown,Bass - Club,17,7
Shari Vari.mp3,Unknown,Electro (Classic - Detroit - Modern),12,3
Left Side.mp3,Unknown,Bass - Club,17,7
SHAKE IT.mp3,Unknown,Amapiano,1,1
After Five.mp3,Unknown,Trance (Raw - Deep - Hypnotic),19,7
Going Back.mp3,Unknown,Techno (Peak Time - Driving),29,8
Tell Me What You Want.mp3,Unknown,House,19,7
Sunshine.mp3,Unknown,Electronica,6,3
Break This.mp3,Unknown,Hard Techno,26,8
Faka Gazol.mp3,Unknown,Amapiano,12,3
Poison.mp3,Unknown,UK Garage - Bassline,0,7
Future Proof.mp3,Unknown,140 - Deep Dubstep - Grime,8,3
La Floresta.mp3,Unknown,Downtempo,34,1
Maluv.mp3,Unknown,Tech House,19,7
Rave King.mp3,Unknown,Hard Techno,26,8
6 Foot Bong.mp3,Unknown,Psy-Trance,19,7
Sk8er.mp3,Unknown,Downtempo,11,8
Meteorite.mp3,Unknown,Trance (Raw - Deep - Hypnotic),29,8
I Remember (John Summit Remix).mp3,Unknown,Progressive House,14,8
The Journey.mp3,Unknown,Bass - Club,1,1
Evil Son.mp3,Unknown,Ambient - Experimental,9,5
ACID feat. Luciana.mp3,Unknown,Mainstage,29,8
All the Way.mp3,Unknown,Downtempo,11,8
All This Bass.mp3,Unknown,Electro (Classic - Detroit - Modern),20,5
Somewhere around Africa.mp3,Unknown,Amapiano,12,3
Desire.mp3,Unknown,Minimal - Deep Tech,33,7
Until the Sun Needs to Rise.mp3,Unknown,Electronica,19,8
Disko Dancing.mp3,Unknown,Jackin House,7,5
Cool It.mp3,Unknown,Breaks - Breakbeat - UK Bass,7,5
Viento.mp3,Unknown,Psy-Trance,13,8
messy.mp3,Unknown,House,6,3
Gas Pedal.mp3,Unknown,Bass House,0,7
Elusive Drift.mp3,Unknown,Trance (Raw - Deep - Hypnotic),22,1
Clear.mp3,Unknown,Electro (Classic - Detroit - Modern),1,1
Erva da Jamaica.mp3,Unknown,Psy-Trance,29,8
Birth4000.mp3,Unknown,Electronica,22,1
TURN ME UP.mp3,Unknown,Trap - Future Bass,13,8
It's Tough.mp3,Unknown,Amapiano,6,3
WTF.mp3,Unknown,Tech House,1,1
Botheration!.mp3,Unknown,Hard Techno,26,8
LOUD.mp3,Unknown,Trap - Future Bass,23,3
Life.mp3,Unknown,Nu Disco - Disco,19,7
Maneater.mp3,Unknown,Hard Dance - Hardcore - Neo Rave,20,5
Warper.mp3,Unknown,UK Garage - Bassline,7,5
B27.mp3,Unknown,Electronica,14,8
My Party.mp3,Unknown,Mainstage,4,8
"We Came, We Saw....mp3",Unknown,Mainstage,22,1
Pan Room.mp3,Unknown,Techno (Raw - Deep - Hypnotic),1,1
Mongolia.mp3,Unknown,Psy-Trance,4,8
We Like To Party.mp3,Unknown,Minimal - Deep Tech,0,7
Where Have You Been.mp3,Unknown,UK Garage - Bassline,7,5
Aztek.mp3,Unknown,Trance (Raw - Deep - Hypnotic),29,8
Platinum.mp3,Unknown,Hard Dance - Hardcore - Neo Rave,13,8
We Are Reasonable People.mp3,Unknown,Ambient - Experimental,2,3
Another Life.mp3,Unknown,Minimal - Deep Tech,19,7
Lucky Me.mp3,Unknown,Breaks - Breakbeat - UK Bass,6,3
Freaky.mp3,Unknown,Tech House,1,1
Abyss Protocol.mp3,Unknown,Hard Techno,26,8
Take No Chat.mp3,Unknown,UK Garage - Bassline,33,7
Run.mp3,Unknown,Melodic House & Techno,33,7
I Only Smoke When I Drink.mp3,Unknown,Melodic House & Techno,12,3
Funusuka (feat. Kazeli).mp3,Unknown,Amapiano,6,3
Insanity.mp3,Unknown,Indie Dance,19,7
I Know.mp3,Unknown,Trance (Raw - Deep - Hypnotic),29,8
We Are The People.mp3,Unknown,Melodic House & Techno,6,3
Diamond Heart.mp3,Unknown,Hard Dance - Hardcore - Neo Rave,26,8
Won't Stop (Don't).mp3,Unknown,Deep House,30,7
Flashback.mp3,Unknown,Mainstage,13,8
Somebody To Love.mp3,Unknown,Melodic House & Techno,14,8
Take The Bass.mp3,Unknown,Techno (Raw - Deep - Hypnotic),22,1
Falling Back.mp3,Unknown,Minimal - Deep Tech,9,5
Stardust.mp3,Unknown,Psy-Trance,13,8
The Underground.mp3,Unknown,DJ Tools,31,3
DA PIT feat. XAE.mp3,Unknown,Dubstep,23,3
Killamanjaro.mp3,Unknown,Drum & Bass,16,7
Bad Boy.mp3,Unknown,Hard Techno,26,8
Vaquera.mp3,Unknown,Funky House,17,7
"Trip Advisor (Rhythm, Snare, Bass).mp3",Unknown,Minimal - Deep Tech,19,7
Carnal Fever.mp3,Unknown,Techno (Raw - Deep - Hypnotic),29,8
For The One You Love 2025.mp3,Unknown,Trance (Main Floor),20,5
Paranoid.mp3,Unknown,Mainstage,4,8
RATATA.mp3,Unknown,Trap - Future Bass,24,5
Bella Ciao.mp3,Unknown,Amapiano,11,7
In The Dark.mp3,Unknown,Trance (Main Floor),4,8
Fever.mp3,Unknown,DJ Tools,31,3
Relent.mp3,Unknown,Hard Techno,26,8
Freak Out.mp3,Unknown,Drum & Bass,16,7
Orbit.mp3,Unknown,140 - Deep Dubstep - Grime,17,7
Mojo.mp3,Unknown,Psy-Trance,22,1
Chemical Love.mp3,Unknown,Trance (Main Floor),6,3
Hustler.mp3,Unknown,Electronica,29,8
Escape From Planet Monday.mp3,Unknown,Techno (Peak Time - Driving),4,8
Needed You.mp3,Unknown,Dance - Pop,7,5
Great Southern Land.mp3,Unknown,Indie Dance,14,8
Sun Will Shine.mp3,Unknown,Trance (Main Floor),14,8
Superstylin'.mp3,Unknown,UK Garage - Bassline,20,5
Goodbye Pergola.mp3,Unknown,Downtempo,9,5
Shake What Your Momma Gave Ya.mp3,Unknown,Bass - Club,3,4
Whiplash.mp3,Unknown,Dubstep,23,3
1999.mp3,Unknown,Trance (Main Floor),4,8
The Miracle Makers.mp3,Unknown,Dance - Pop,4,7
It's Got To Be Love.mp3,Unknown,Nu Disco - Disco,7,5
Bring Back The Techno.mp3,Unknown,Trance (Main Floor),29,8
Everybody Love.mp3,Unknown,Breaks - Breakbeat - UK Bass,19,7
Master At Work.mp3,Unknown,Hard Techno,15,5
Pressure.mp3,Unknown,Trance (Main Floor),3,4
Sploinky Dub (feat. Grech).mp3,Unknown,Dubstep,8,3
It's Not Right But It's Okay.mp3,Unknown,Dance - Pop,19,7
Sucker.mp3,Unknown,Hard Dance - Hardcore - Neo Rave,13,8
Dry Mouth.mp3,Unknown,Dubstep,8,3
Long Time.mp3,Unknown,Indie Dance,0,7
Bad Boys.mp3,Unknown,Dubstep,23,3
Dopamine Nation.mp3,Unknown,Techno (Peak Time - Driving),29,8
Keke.mp3,Unknown,Indie Dance,32,8
VAMPIRE.mp3,Unknown,Dubstep,23,3
Back To The Roots.mp3,Unknown,Organic House,32,8
Soweto Groove 2.0.mp3,Unknown,Amapiano,9,5
Next To You.mp3,Unknown,Jackin House,1,1
Nirodha.mp3,Unknown,Trance (Raw - Deep - Hypnotic),20,5
Angels For Each Other.mp3,Unknown,Mainstage,6,3
Technoid.mp3,Unknown,Downtempo,17,7
My Name Is Hard.mp3,Unknown,Hard Techno,26,8
Can't Get You out of My Head (Acapella Version).mp3,Unknown,DJ Tools,31,3
Do You Wanna Dance.mp3,Unknown,Hard Dance - Hardcore - Neo Rave,26,8
The Substance.mp3,Unknown,Psy-Trance,11,8
Engage.mp3,Unknown,Indie Dance,32,7
Prasaar.mp3,Unknown,Techno (Raw - Deep - Hypnotic),22,1
Blow Out.mp3,Unknown,Electronica,4,7
ASJAYVEN feat. Disaster feat. Ivory.mp3,Unknown,Amapiano,6,3
Cancun.mp3,Unknown,Techno (Peak Time - Driving),4,8
Lips Moving.mp3,Unknown,Deep House,1,1
7 Seconds.mp3,Unknown,Dance - Pop,11,8
Universal Nation.mp3,Unknown,Trance (Main Floor),14,8
Make It Better.mp3,Unknown,UK Garage - Bassline,12,3
Want My Love.mp3,Unknown,Dance - Pop,6,3
CONTROL.mp3,Unknown,Trap - Future Bass,23,3
Million Miles Away.mp3,Unknown,Melodic House & Techno,20,5
Insane.mp3,Unknown,Mainstage,4,8
What the F**k.mp3,Unknown,DJ Tools,31,3
TWISTED (MOREPWR).mp3,Unknown,Trap - Future Bass,23,3
Turkish Bazar.mp3,Unknown,Techno (Raw - Deep - Hypnotic),29,8
Shiva.mp3,Unknown,Trance (Main Floor),4,8
Dance Robot.mp3,Unknown,Breaks - Breakbeat - UK Bass,1,1
Road Ahead.mp3,Unknown,Trance (Main Floor),4,8
Eye Twitching.mp3,Unknown,Hard Techno,26,8
Let's Scream.mp3,Unknown,Hard Techno,14,8
Sleepwalking.mp3,Unknown,Trance (Main Floor),14,8
Fascination.mp3,Unknown,Techno (Peak Time - Driving),4,8
Vergessen.mp3,Unknown,Hard Techno,26,8
Midnight Trip.mp3,Unknown,Bass House,19,7
Hypnophobia.mp3,Unknown,House,1,1
I Feel Love.mp3,Unknown,Nu Disco - Disco,5,6
Djiin.mp3,Unknown,Downtempo,11,8
Intricate Technology.mp3,Unknown,Psy-Trance,22,1
Crucified.mp3,Unknown,Nu Disco - Disco,6,3
Fine Day Anthem.mp3,Unknown,Dance - Pop,19,8
Say Hello.mp3,Unknown,Progressive House,32,8
Become.mp3,Unknown,Techno (Peak Time - Driving),29,8
Pumpin'.mp3,Unknown,Deep House,17,7
Chomi Yam Yee !.mp3,Unknown,Amapiano,12,3
Shake Up.mp3,Unknown,Tech House,17,7
Bastet.mp3,Unknown,140 - Deep Dubstep - Grime,8,3
In the Moment.mp3,Unknown,Hard Techno,26,8
Rave History.mp3,Unknown,Trance (Raw - Deep - Hypnotic),19,8
Repulsor Blast.mp3,Unknown,Psy-Trance,4,8
Coming Out.mp3,Unknown,Nu Disco - Disco,19,7
Baile In Braza.mp3,Unknown,Tech House,1,1
Chimera.mp3,Unknown,Psy-Trance,14,8
Not In My League.mp3,Unknown,Hard Dance - Hardcore - Neo Rave,15,5
La Penultima.mp3,Unknown,Downtempo,11,8
Faith.mp3,Unknown,Deep House,17,7
In My Head.mp3,Unknown,Techno (Peak Time - Driving),4,7
JUMP.mp3,Unknown,Hard Dance - Hardcore - Neo Rave,26,8
Gusheshe.mp3,Unknown,Amapiano,9,5
It Gets Better.mp3,Unknown,Dance - Pop,6,3
Iguana.mp3,Unknown,Trance (Main Floor),20,5
Anima.mp3,Unknown,Organic House,32,8
All I Need.mp3,Unknown,Hard Techno,26,8
Run From Me.mp3,Unknown,Bass House,17,7
Ostbahnhof.mp3,Unknown,Hard Techno,15,5
Grab The Mic.mp3,Unknown,Breaks - Breakbeat - UK Bass,8,3
Burnin' for You.mp3,Unknown,Hard Dance - Hardcore - Neo Rave,15,5
Dun Dun.mp3,Unknown,Melodic House & Techno,29,7
Safe.mp3,Unknown,140 - Deep Dubstep - Grime,24,5
Anima.mp3,Unknown,Hard Techno,26,8
Into The Sun.mp3,Unknown,Amapiano,19,7
F The Disco.mp3,Unknown,House,20,5
Kanjani (feat. Scotts Maphuma & Vyno Keyz).mp3,Unknown,Amapiano,9,5
Parapapa.mp3,Unknown,Tech House,29,8
Real Badman.mp3,Unknown,140 - Deep Dubstep - Grime,24,5
Hello.mp3,Unknown,Amapiano,9,5
Where You Are.mp3,Unknown,Dance - Pop,6,3
Vertigo feat. Ed Graves.mp3,Unknown,Bass House,19,7
Afterparty.mp3,Unknown,Melodic House & Techno,9,5
Colombia.mp3,Unknown,Hard Dance - Hardcore - Neo Rave,26,8
Holy.mp3,Unknown,Mainstage,6,3
Wheel of Life.mp3,Unknown,Downtempo,11,8
Dancefloor Shakedown.mp3,Unknown,Breaks - Breakbeat - UK Bass,33,7
Neshama.mp3,Unknown,Trance (Raw - Deep - Hypnotic),14,8
Our Nights Are Brighter Than Your Days.mp3,Unknown,Trance (Raw - Deep - Hypnotic),22,1
Wizards Of The Sonic.mp3,Unknown,Trance (Main Floor),20,5
What U Do 2 Me.mp3,Unknown,Trance (Raw - Deep - Hypnotic),1,1
Fühlst du den Schmerz.mp3,Unknown,Hard Techno,15,5
Bajabulise feat. Getto feat. VocaTion feat. Samu Da Vocalist.mp3,Unknown,Amapiano,9,5
You Make Me.mp3,Unknown,Electronica,29,7
Call on Me.mp3,Unknown,Mainstage,6,3
Mr. Rave.mp3,Unknown,Hard Techno,26,8
Heaven.mp3,Unknown,Breaks - Breakbeat - UK Bass,33,7
Superposition.mp3,Unknown,Trance (Main Floor),14,8
It's a Classic.mp3,Unknown,Breaks - Breakbeat - UK Bass,1,1
Falling For You.mp3,Unknown,Trance (Main Floor),20,5
8 Down.mp3,Unknown,Amapiano,32,7
Weltschmerz.mp3,Unknown,Hard Techno,14,8
estok'sini.mp3,Unknown,Amapiano,16,7
This Is The Way.mp3,Unknown,Trance (Raw - Deep - Hypnotic),13,8
I'm On Fire.mp3,Unknown,Melodic House & Techno,14,8
Wheel & Bubble.mp3,Unknown,Bass - Club,24,5
Raiva.mp3,Unknown,Melodic House & Techno,6,3
Chase The Sun.mp3,Unknown,Mainstage,14,8
Cyber Funk.mp3,Unknown,Electro (Classic - Detroit - Modern),1,1
Acid Vogel.mp3,Unknown,Downtempo,11,8
ELOKISHINI feat. Disaster feat. Ivory.mp3,Unknown,Amapiano,9,5
Adagio For Strings.mp3,Unknown,Trance (Main Floor),14,8
Dunya.mp3,Unknown,Psy-Trance,20,5
Full of Empty Space.mp3,Unknown,Ambient - Experimental,14,8
Move That Move.mp3,Unknown,Minimal - Deep Tech,1,1
Mantra.mp3,Unknown,Trance (Main Floor),4,8
Legendary.mp3,Unknown,Techno (Raw - Deep - Hypnotic),22,1
Only You feat. Noa Milee.mp3,Unknown,House,19,7
Melting.mp3,Unknown,Trance (Raw - Deep - Hypnotic),4,8
aloneee.mp3,Unknown,Trap - Future Bass,8,3
BOSS FIGHT.mp3,Unknown,Dubstep,23,3
Fake I.D.mp3,Unknown,UK Garage - Bassline,7,5
Get Down.mp3,Unknown,UK Garage - Bassline,33,7
Sold My Soul.mp3,Unknown,Hard Techno,26,8
Move.mp3,Unknown,Hard Dance - Hardcore - Neo Rave,26,8
On & On.mp3,Unknown,Drum & Bass,16,7
PUSH THAT SYSTEM.mp3,Unknown,Bass House,12,3
Nova.mp3,Unknown,Bass - Club,11,8
Someday.mp3,Unknown,Trap - Future Bass,8,3
Knocks.mp3,Unknown,Downtempo,5,6
Transgender.mp3,Unknown,Hard Dance - Hardcore - Neo Rave,26,8
Elixir.mp3,Unknown,Bass - Club,29,8
Hooligans.mp3,Unknown,Mainstage,6,3
Got To Get.mp3,Unknown,Minimal - Deep Tech,19,7
Schranz Living.mp3,Unknown,Hard Techno,26,8
Hamba Wena.mp3,Unknown,Amapiano,12,3
ADDICTED.mp3,Unknown,Hard Techno,23,3
Let's Go.mp3,Unknown,Breaks - Breakbeat - UK Bass,24,5
Don't Go.mp3,Unknown,Techno (Peak Time - Driving),29,8
Carry Your World feat. Mari Nala.mp3,Unknown,Trance (Main Floor),14,8
Wahamba.mp3,Unknown,Amapiano,11,7
One More Time (I Need U).mp3,Unknown,UK Garage - Bassline,20,5
Requiem.mp3,Unknown,Trance (Raw - Deep - Hypnotic),29,8
Three Foxes Chasing Each Other.mp3,Unknown,Bass - Club,3,4
New Millenium (feat. Topazz).mp3,Unknown,Funky House,6,3
Back To Back.mp3,Unknown,Dubstep,23,3
Soul of Rave.mp3,Unknown,Techno (Peak Time - Driving),29,8
ready 2.mp3,Unknown,Trap - Future Bass,23,3
gImmE gImmE.mp3,Unknown,Mainstage,4,7
Abyss.mp3,Unknown,Hard Techno,26,8
Groundsman.mp3,Unknown,UK Garage - Bassline,33,7
Deeper.mp3,Unknown,DJ Tools,31,3
Levels.mp3,Unknown,Dance - Pop,6,3
eye2eye.mp3,Unknown,Dubstep,23,3
Jump Up Quickly.mp3,Unknown,UK Garage - Bassline,0,7
Wasted.mp3,Unknown,Techno (Peak Time - Driving),29,8
Can't Stop.mp3,Unknown,Trance (Raw - Deep - Hypnotic),4,8
Beat For Da Bass.mp3,Unknown,Jackin House,1,1
Fuck It Up.mp3,Unknown,Dubstep,7,5
Hawkers.mp3,Unknown,Breaks - Breakbeat - UK Bass,30,7
Summertime Sadness.mp3,Unknown,Hard Techno,26,8
Be Your Light.mp3,Unknown,Techno (Peak Time - Driving),6,3
DUWML.mp3,Unknown,UK Garage - Bassline,19,7
Ebasini.mp3,Unknown,Amapiano,12,3
Fuck This.mp3,Unknown,Hard Dance - Hardcore - Neo Rave,26,8
Night In Africa.mp3,Unknown,Amapiano,11,7
Nothing Can Stop Us.mp3,Unknown,Hard Dance - Hardcore - Neo Rave,23,3
Turn The Page.mp3,Unknown,Electronica,20,5
Stars Get Down.mp3,Unknown,Drum & Bass,16,7
No Way.mp3,Unknown,Hard Dance - Hardcore - Neo Rave,26,8
Concave.mp3,Unknown,Electro (Classic - Detroit - Modern),5,6
CAVE.mp3,Unknown,Dance - Pop,20,5
Things We Never Said.mp3,Unknown,Hard Techno,26,8
SHE GOT THAT THING.mp3,Unknown,Bass - Club,19,7
Du rufst mich.mp3,Unknown,Hard Techno,15,5
Nikotin & Alkohol.mp3,Unknown,Hard Techno,26,8
"Remember Me, I'll Remember You.mp3",Unknown,Trance (Raw - Deep - Hypnotic),14,8
Bula Nthwela.mp3,Unknown,Amapiano,9,5
Go Back feat. Julia Church.mp3,Unknown,Dubstep,23,3
Dungeon.mp3,Unknown,Dubstep,8,3
Eckmül Staircase.mp3,Unknown,Trance (Raw - Deep - Hypnotic),13,8
Slytherin.mp3,Unknown,Breaks - Breakbeat - UK Bass,24,5
Burning.mp3,Unknown,Melodic House & Techno,29,8
Resolucion.mp3,Unknown,Bass - Club,22,1
Wine VIP.mp3,Unknown,UK Garage - Bassline,20,5
Where You Are.mp3,Unknown,Dubstep,6,3
Be My Lover.mp3,Unknown,Dance - Pop,4,8
Reasons to Love You.mp3,Unknown,Techno (Peak Time - Driving),4,8
Forever.mp3,Unknown,Dubstep,8,3
Lucid State Dimensions.mp3,Unknown,Downtempo,11,8
Bailarina.mp3,Unknown,Psy-Trance,22,1
Salvation.mp3,Unknown,Psy-Trance,22,1
Never Let Me Go.mp3,Unknown,Melodic House & Techno,14,8
What Took You So Long.mp3,Unknown,Trance (Main Floor),4,8
If We Ever.mp3,Unknown,Drum & Bass,16,7
Wish You Could.mp3,Unknown,140 - Deep Dubstep - Grime,12,3
Tunes Since '89.mp3,Unknown,UK Garage - Bassline,20,5
Like It Is.mp3,Unknown,Nu Disco - Disco,12,3
You Must Be Crazy.mp3,Unknown,Amapiano,11,7
Turning Point.mp3,Unknown,Psy-Trance,29,8
The Last Sunrise.mp3,Unknown,Downtempo,6,3
You've Got To Fly.mp3,Unknown,Organic House,32,7
Keep It Pushin.mp3,Unknown,Breaks - Breakbeat - UK Bass,30,7
Your Moment.mp3,Unknown,Psy-Trance,4,8
Groove & Hard.mp3,Unknown,Hard Dance - Hardcore - Neo Rave,13,8
Dance To My Beat.mp3,Unknown,Techno (Peak Time - Driving),19,8
Insomnia.mp3,Unknown,Mainstage,23,3
No Bad Vibes.mp3,Unknown,Breaks - Breakbeat - UK Bass,0,7
Happy and You Know It VIP.mp3,Unknown,Dubstep,23,3
Untz Untz.mp3,Unknown,Psy-Trance,19,7
DEADZONE.mp3,Unknown,Hard Dance - Hardcore - Neo Rave,15,5
You Drive Me Crazy.mp3,Unknown,Amapiano,11,7
Mr. Navigator.mp3,Unknown,DJ Tools,31,3
Bad Girls.mp3,Unknown,Mainstage,13,8
K On My D + C.mp3,Unknown,Bass - Club,13,8
Eyes On Me.mp3,Unknown,Drum & Bass,16,7
Mugwanti.mp3,Unknown,Trap - Future Bass,2,3
State of mind.mp3,Unknown,Hard Techno,22,1
Ive Arrived.mp3,Unknown,Dance - Pop,29,7
Touch Me.mp3,Unknown,Melodic House & Techno,20,5
MOSHPIT.mp3,Unknown,Hard Dance - Hardcore - Neo Rave,23,3
Drops.mp3,Unknown,Drum & Bass,9,5
Roll Out.mp3,Unknown,Drum & Bass,2,3
Infophysix.mp3,Unknown,Electro (Classic - Detroit - Modern),5,6
Toter Schmetterling.mp3,Unknown,Hard Techno,15,5
Funky Fighter.mp3,Unknown,Jackin House,30,7
Sound of the Underground.mp3,Unknown,Hard Techno,26,8
From Within.mp3,Unknown,Drum & Bass,16,7
The Days.mp3,Unknown,Dance - Pop,6,3
Son Of The Forest.mp3,Unknown,Trance (Raw - Deep - Hypnotic),29,8
This Is Gold feat. New5ense.mp3,Unknown,DJ Tools,31,3
No Good.mp3,Unknown,Mainstage,4,8
First Light.mp3,Unknown,Ambient - Experimental,9,5
Tripical Moon.mp3,Unknown,Psy-Trance,29,8
One Rave.mp3,Unknown,Hard Techno,26,8
Why Always Me.mp3,Unknown,Amapiano,12,3
Override.mp3,Unknown,Drum & Bass,16,7
Endorphins.mp3,Unknown,UK Garage - Bassline,24,5
Phatt Bass.mp3,Unknown,Hard Techno,23,3
Ready For Your Love.mp3,Unknown,Bass House,19,7
The Gipsy.mp3,Unknown,Psy-Trance,20,5
Party People.mp3,Unknown,Hard Dance - Hardcore - Neo Rave,26,8
Catch Me (If You Can).mp3,Unknown,Psy-Trance,29,8
Sideways Lean.mp3,Unknown,Breaks - Breakbeat - UK Bass,34,1
Top Line.mp3,Unknown,Hard Dance - Hardcore - Neo Rave,23,3
C.T.R.L.mp3,Unknown,Trance (Main Floor),13,8
Broken Jaw.mp3,Unknown,Dubstep,23,3
BATTLE OF CRAIT.mp3,Unknown,Dubstep,23,3
Dance Until You Die.mp3,Unknown,Hard Techno,26,8
Freed From Desire.mp3,Unknown,Dance - Pop,20,5
Nova.mp3,Unknown,Psy-Trance,14,7
Paris Dub 1.mp3,Unknown,Electronica,1,1
Chromed Out.mp3,Unknown,Techno (Peak Time - Driving),29,8
Mirror.mp3,Unknown,Techno (Peak Time - Driving),4,8
Time Warp.mp3,Unknown,Melodic House & Techno,20,5
Thrill.mp3,Unknown,Trance (Main Floor),14,8
Lunae.mp3,Unknown,Techno (Peak Time - Driving),29,8
Dale Dale.mp3,Unknown,Indie Dance,4,7
Bass Ya Flamingo.mp3,Unknown,Amapiano,12,3
Arkadian.mp3,Unknown,Psy-Trance,14,8
Stay With Me.mp3,Unknown,Drum & Bass,9,5
Just Give The DJ A Break feat. Breezy Beat MC.mp3,Unknown,Electro (Classic - Detroit - Modern),0,7
Jump Beats.mp3,Unknown,Hard Techno,15,5
Bodies.mp3,Unknown,Organic House,32,8
Ngimunya L'bolo feat. Calis Saliva.mp3,Unknown,Amapiano,12,3
Beat 8.mp3,Unknown,Jackin House,12,3
BAD MOFO.mp3,Unknown,Dubstep,23,3
Divine Intervention.mp3,Unknown,Trance (Raw - Deep - Hypnotic),14,8
Wasabi.mp3,Unknown,Dubstep,20,5
Mwaki.mp3,Unknown,Amapiano,9,5
YES B!TCH feat. Rome Fortune.mp3,Unknown,Tech House,20,5
Flashback.mp3,Unknown,Techno (Raw - Deep - Hypnotic),29,7
Fiesta.mp3,Unknown,Bass House,7,5
Yosemite.mp3,Unknown,Dance - Pop,6,3
Euphoria.mp3,Unknown,Dubstep,8,3
Rebellion.mp3,Unknown,Hard Techno,15,5
Don't You Want Me.mp3,Unknown,Dance - Pop,32,8
Dopamin.mp3,Unknown,Hard Dance - Hardcore - Neo Rave,23,3
Dolby Vision (feat. O&M Projects & Prime Tune).mp3,Unknown,Amapiano,12,3
The Creator.mp3,Unknown,Hard Dance - Hardcore - Neo Rave,26,8
No Time To Sleep.mp3,Unknown,Hard Techno,23,3
No Rules.mp3,Unknown,Psy-Trance,29,8
Hold On.mp3,Unknown,UK Garage - Bassline,12,3
Finally.mp3,Unknown,Dance - Pop,6,3
Schöneweide.mp3,Unknown,Hard Techno,26,8
Alien Intelligence.mp3,Unknown,Electro (Classic - Detroit - Modern),22,1
Yosemite.mp3,Unknown,Melodic House & Techno,6,3
See You Sweat.mp3,Unknown,Melodic House & Techno,4,8
Heaven.mp3,Unknown,Hard Techno,13,8
Selema (Po Po).mp3,Unknown,Amapiano,9,5
Rizzla feat. Rema.mp3,Unknown,DJ Tools,31,3
Reptile.mp3,Unknown,140 - Deep Dubstep - Grime,24,5
Pump Up The Jam.mp3,Unknown,Dance - Pop,1,1
Bring Me To Life.mp3,Unknown,Melodic House & Techno,14,8
Sunrise.mp3,Unknown,UK Garage - Bassline,7,5
Proper Education.mp3,Unknown,Mainstage,6,3
Tootsie Pop.mp3,Unknown,Tech House,1,1
Resolve.mp3,Unknown,Jackin House,0,7
Sing It Back.mp3,Unknown,DJ Tools,31,3
LALALA.mp3,Unknown,Breaks - Breakbeat - UK Bass,7,5
Vois sur ton chemin.mp3,Unknown,Mainstage,29,8
Focus.mp3,Unknown,Techno (Peak Time - Driving),6,3
Herzschrittmacher.mp3,Unknown,Downtempo,9,5
Thank You (Not So Bad).mp3,Unknown,Mainstage,26,8
Lift Your Hands Up feat. Ramona Renea.mp3,Unknown,DJ Tools,31,3
KEEP IT ROLLING.mp3,Unknown,UK Garage - Bassline,24,5
Bon Voyage.mp3,Unknown,Trance (Main Floor),14,8
ENDR.mp3,Unknown,Dubstep,23,3
Restless Sleep.mp3,Unknown,UK Garage - Bassline,33,7
Put Your Hands Up !.mp3,Unknown,DJ Tools,7,5
Born Slippy (Trainspotting).mp3,Unknown,Hard Dance - Hardcore - Neo Rave,23,3
Told You So.mp3,Unknown,Mainstage,20,5
Keep It Moving.mp3,Unknown,Trap - Future Bass,33,7
Burn the Floor.mp3,Unknown,Hard Dance - Hardcore - Neo Rave,23,3
Lift Me Up.mp3,Unknown,Psy-Trance,29,8
OIIA OIIA (Spinning Cat).mp3,Unknown,Mainstage,13,8
Meet Her At The Love Parade.mp3,Unknown,Mainstage,13,8
Okay Fine.mp3,Unknown,Bass House,6,3
Wasp.mp3,Unknown,Techno (Raw - Deep - Hypnotic),4,8
"Ne rien « préparer », ne rien « arranger ».mp3",Unknown,Ambient - Experimental,18,3
Silent Echo.mp3,Unknown,Psy-Trance,29,8
Octopus.mp3,Unknown,Psy-Trance,29,8
Hideout.mp3,Unknown,Hard Techno,26,8
SMACK TALK.mp3,Unknown,Trap - Future Bass,23,3
Humanizer.mp3,Unknown,Trance (Raw - Deep - Hypnotic),13,8
Move.mp3,Unknown,Dubstep,23,3
FTS.mp3,Unknown,Hard Dance - Hardcore - Neo Rave,23,3
Gunman.mp3,Unknown,UK Garage - Bassline,12,3
Heartbreak (feat. urboi.).mp3,Unknown,Bass House,22,1
Reactivated.mp3,Unknown,Techno (Peak Time - Driving),6,3
Oops....mp3,Unknown,Electronica,19,7
True Trench Times.mp3,Unknown,Dubstep,23,3
Last Resort.mp3,Unknown,Hard Dance - Hardcore - Neo Rave,23,3
Era Of Us.mp3,Unknown,Trance (Main Floor),26,8
Iphepha.mp3,Unknown,Amapiano,12,3
Dark Destiny.mp3,Unknown,Hard Techno,15,5
So In Love.mp3,Unknown,Breaks - Breakbeat - UK Bass,14,8
Perlentaucher.mp3,Unknown,Ambient - Experimental,14,7
YEAH.mp3,Unknown,Mainstage,4,8
High On Life.mp3,Unknown,Psy-Trance,29,8
Let's Go Dancing.mp3,Unknown,Techno (Peak Time - Driving),19,7
I Wanna Feel.mp3,Unknown,Hard Techno,26,8
Spiralling.mp3,Unknown,Drum & Bass,2,3
Doomsday [VIP].mp3,Unknown,Trap - Future Bass,8,3
It's Time.mp3,Unknown,UK Garage - Bassline,20,5
Front to Back.mp3,Unknown,140 - Deep Dubstep - Grime,8,3
Ahi a Tumwi.mp3,Unknown,Downtempo,11,7
Skyfire.mp3,Unknown,Hard Techno,26,8
All I Want Is You.mp3,Unknown,Electronica,9,5
Feeling for You.mp3,Unknown,Electronica,0,7
Glowing Landscapes.mp3,Unknown,Psy-Trance,4,8
See Me feat. SHIMA.mp3,Unknown,UK Garage - Bassline,6,3
Mein Wille.mp3,Unknown,Hard Techno,15,5
Corpo e Canção (feat. Letícia Fialho).mp3,Unknown,Psy-Trance,29,8
Poppin'.mp3,Unknown,Hard Techno,26,8
Visions.mp3,Unknown,Psy-Trance,22,1
Postman.mp3,Unknown,Dubstep,23,3
3rd Eye Connections.mp3,Unknown,Psy-Trance,4,8
Take It Off.mp3,Unknown,House,17,7
NOW IT'S GONE.mp3,Unknown,UK Garage - Bassline,19,7
Geil.mp3,Unknown,Hard Techno,26,8
Mental Health Intro.mp3,Unknown,DJ Tools,18,3
Real Bad Man.mp3,Unknown,Trap - Future Bass,8,3
Mirage.mp3,Unknown,Organic House,14,8
Holding The Light.mp3,Unknown,Trance (Main Floor),14,8
Let No Man Put Asunder.mp3,Unknown,DJ Tools,27,3
Sex Machine.mp3,Unknown,Techno (Peak Time - Driving),29,8
Arachnids.mp3,Unknown,Breaks - Breakbeat - UK Bass,20,5
Regulatin.mp3,Unknown,140 - Deep Dubstep - Grime,8,3
Heine Strasse.mp3,Unknown,Hard Techno,15,5
Psych.mp3,Unknown,140 - Deep Dubstep - Grime,8,3
Occam's Razor.mp3,Unknown,Trance (Raw - Deep - Hypnotic),14,8
Azaroso.mp3,Unknown,Bass - Club,1,1
Freedom of Yourself.mp3,Unknown,Psy-Trance,33,7
PFTD VIP.mp3,Unknown,140 - Deep Dubstep - Grime,8,3
Bonker.s.mp3,Unknown,UK Garage - Bassline,8,3
2003.mp3,Unknown,Hard Dance - Hardcore - Neo Rave,15,5
Ghetto.mp3,Unknown,Hard Dance - Hardcore - Neo Rave,26,8
FCKN LOUD (Extended Mix).mp3,Unknown,Hard Dance - Hardcore - Neo Rave,26,8
Bigroom Bigboom.mp3,Unknown,Hard Dance - Hardcore - Neo Rave,15,5
Don't Sleep.mp3,Unknown,Hard Dance - Hardcore - Neo Rave,15,5
Tunnel Vision.mp3,Unknown,Hard Dance - Hardcore - Neo Rave,26,8
Bass Powah.mp3,Unknown,Hard Dance - Hardcore - Neo Rave,26,8
Gangsta's Paradise.mp3,Unknown,Hard Techno,26,8
Take Control.mp3,Unknown,Hard Dance - Hardcore - Neo Rave,23,3
No Balance.mp3,Unknown,Hard Dance - Hardcore - Neo Rave,15,5
Because They Want Our Seat.mp3,Unknown,Hard Dance - Hardcore - Neo Rave,13,8
Venom Korruptor.mp3,Unknown,Hard Techno,15,5
FACE 2 FACE.mp3,Unknown,Hard Dance - Hardcore - Neo Rave,23,3
All I Wanna.mp3,Unknown,Hard Dance - Hardcore - Neo Rave,13,8
I'm Watching You (So Many Times).mp3,Unknown,DJ Tools,27,3
Shake It.mp3,Unknown,Hard Techno,26,8
Social Darkside.mp3,Unknown,Hard Dance - Hardcore - Neo Rave,13,8
HCMF.mp3,Unknown,Hard Techno,26,8
See You In My Dreams.mp3,Unknown,Hard Dance - Hardcore - Neo Rave,13,8
With U.mp3,Unknown,Trance (Raw - Deep - Hypnotic),13,8
SHAKE.mp3,Unknown,Hard Techno,13,8
Kyrie.mp3,Unknown,Hard Techno,26,8
Hardcore (give me a mfkn breakbeat).mp3,Unknown,Hard Dance - Hardcore - Neo Rave,26,8
Ravers.mp3,Unknown,Hard Dance - Hardcore - Neo Rave,13,8
Internationals feat. Samurai Breaks.mp3,Unknown,Bass - Club,13,8
"Shes Gone, Dance On.mp3",Unknown,Bass - Club,13,8
Freestyler (Rock The Microphone).mp3,Unknown,Hard Dance - Hardcore - Neo Rave,13,8
Darksiders.mp3,Unknown,Hard Techno,26,8
Divine.mp3,Unknown,Hard Dance - Hardcore - Neo Rave,15,5
2013 Anthem.mp3,Unknown,Hard Dance - Hardcore - Neo Rave,24,5
Ao Céu.mp3,Unknown,Hard Dance - Hardcore - Neo Rave,26,8
Recorddeals.mp3,Unknown,Electro (Classic - Detroit - Modern),17,7
BALLIN.mp3,Unknown,Hard Dance - Hardcore - Neo Rave,15,5
KREAM TEAM.mp3,Unknown,Dubstep,23,3
Numb.mp3,Unknown,Hard Dance - Hardcore - Neo Rave,26,8
Rockin To The Rhythm.mp3,Unknown,Hard Dance - Hardcore - Neo Rave,26,8
YOU ARE MINE.mp3,Unknown,Hard Dance - Hardcore - Neo Rave,15,5
Play With Me.mp3,Unknown,Hard Dance - Hardcore - Neo Rave,13,8
Start Your Engines.mp3,Unknown,Hard Dance - Hardcore - Neo Rave,26,8
Cannibals.mp3,Unknown,Hard Techno,15,5
Violence.mp3,Unknown,Hard Dance - Hardcore - Neo Rave,26,8
Outta Space.mp3,Unknown,Hard Dance - Hardcore - Neo Rave,15,5
Paradigm.mp3,Unknown,Trap - Future Bass,6,3
The Engine.mp3,Unknown,Hard Dance - Hardcore - Neo Rave,26,8
Ziran.mp3,Unknown,Psy-Trance,29,8
Open Sesame (Abracadabra) [feat. Leila K] feat. Leila K.mp3,Unknown,Mainstage,26,8
Artifice.mp3,Unknown,Trap - Future Bass,20,5
WTF?.mp3,Unknown,Hard Dance - Hardcore - Neo Rave,23,3
The Person You'd Like To Be.mp3,Unknown,Electronica,23,3
Turbo Time.mp3,Unknown,Dubstep,23,3
Flip It.mp3,Unknown,Trap - Future Bass,33,7
Running Around.mp3,Unknown,Dance - Pop,13,8
Dam Dam Dam.mp3,Unknown,Hard Dance - Hardcore - Neo Rave,26,8
Vamo Sambá.mp3,Unknown,Hard Dance - Hardcore - Neo Rave,26,8
Like A Beast.mp3,Unknown,Hard Dance - Hardcore - Neo Rave,26,8
Time To Say Goodbye.mp3,Unknown,Mainstage,23,3
Hard Beat.mp3,Unknown,Hard Dance - Hardcore - Neo Rave,23,3
Schranz Will Never Die.mp3,Unknown,Hard Techno,26,8
Next Level.mp3,Unknown,Hard Techno,23,3
Feeling Myself.mp3,Unknown,Bass - Club,24,5
2 Be High.mp3,Unknown,Hard Dance - Hardcore - Neo Rave,23,3
Laisse Nous Raver.mp3,Unknown,Hard Techno,15,5
Flood.mp3,Unknown,Bass House,18,3
Shining.mp3,Unknown,Psy-Trance,4,8
Pasilda.mp3,Unknown,DJ Tools,27,3
With A Funky Intro.mp3,Unknown,DJ Tools,12,3
Lonely Boy.mp3,Unknown,Dance - Pop,22,1
Can't Get Enough!.mp3,Unknown,DJ Tools,31,3
Sad Song feat. DIDI HAN.mp3,Unknown,Ambient - Experimental,18,3
Poison.mp3,Unknown,Dubstep,8,3
Strobo.mp3,Unknown,Hard Techno,4,8
Beat You Back.mp3,Unknown,Hard Techno,26,8
Boarding Party (Prosecute Remix).mp3,Unknown,Dubstep,23,3
Death Hackers.mp3,Unknown,Hard Techno,26,8
When Are We.mp3,Unknown,Psy-Trance,22,1
Skank In The Rave.mp3,Unknown,Hard Techno,15,5
Number 1 Intro.mp3,Unknown,DJ Tools,31,3
Analog (feat. Amarha).mp3,Unknown,DJ Tools,27,3
Joy Paradox.mp3,Unknown,Ambient - Experimental,18,3
Baiana.mp3,Unknown,Afro House,9,5
Kore.mp3,Unknown,Dubstep,31,3
None (Beginning).mp3,Unknown,DJ Tools,31,3
My Choices Are Not My Own.mp3,Unknown,Ambient - Experimental,6,3
Fruta Fresca.mp3,Unknown,DJ Tools,31,3
Satisfaction.mp3,Unknown,DJ Tools,28,2
Recompose.mp3,Unknown,Ambient - Experimental,18,3
Just Can't Stop.mp3,Unknown,Trap - Future Bass,23,3
My Brain Hurts.mp3,Unknown,Psy-Trance,17,7
A Journey Into Sound Intro Tool.mp3,Unknown,DJ Tools,31,3
Bad Habit feat. Lisa Millett.mp3,Unknown,DJ Tools,21,3
Brighter Days.mp3,Unknown,DJ Tools,28,2
LSD Intro.mp3,Unknown,DJ Tools,31,3
Reset.mp3,Unknown,Drum & Bass,9,5
Hold My Hand.mp3,Unknown,Dubstep,31,3
Sweat Box.mp3,Unknown,DJ Tools,28,2
House Music.mp3,Unknown,DJ Tools,28,2
Nothing Can Prepare You For What You Are About To See.mp3,Unknown,Ambient - Experimental,18,3
Dancing Frequencies.mp3,Unknown,Psy-Trance,33,7
Expanding Awareness.mp3,Unknown,Ambient - Experimental,10,2
Passing The Exosphere.mp3,Unknown,Ambient - Experimental,18,3
Morning.mp3,Unknown,Ambient - Experimental,18,3
And Away I.mp3,Unknown,Ambient - Experimental,10,2
Let Me Talk To You.mp3,Unknown,DJ Tools,12,3
Panic.mp3,Unknown,Dubstep,23,3
"somehow, still here.mp3",Unknown,Ambient - Experimental,18,3
Bite.mp3,Unknown,Trap - Future Bass,8,3
Week 4.mp3,Unknown,140 - Deep Dubstep - Grime,8,3
Transumanza.mp3,Unknown,Ambient - Experimental,18,3
3°C.mp3,Unknown,Ambient - Experimental,12,3
Part One.mp3,Unknown,Ambient - Experimental,18,3
When House Was Young.mp3,Unknown,DJ Tools,31,3
Leyenda.mp3,Unknown,Psy-Trance,22,1
Mysterium Sound Intro.mp3,Unknown,DJ Tools,18,3
Open Your Eyes.mp3,Unknown,Techno (Raw - Deep - Hypnotic),19,8
Michi.mp3,Unknown,DJ Tools,21,3
Forgive and Forgive.mp3,Unknown,Ambient - Experimental,21,3
DMF.mp3,Unknown,Drum & Bass,16,7
Gas Pedal feat. Sage The Gemini.mp3,Unknown,Dubstep,8,3
Sweet Disposition.mp3,Unknown,Psy-Trance,6,3
Love On A Real Train.mp3,Unknown,Organic House,20,5
Nucleolus.mp3,Unknown,Techno (Peak Time - Driving),17,7
Sunset Key Melt.mp3,Unknown,Ambient - Experimental,18,3
the space between.mp3,Unknown,Ambient - Experimental,18,3
Good Music.mp3,Unknown,DJ Tools,10,2
come aliv3 (feat. Abi Flynn).mp3,Unknown,Trap - Future Bass,20,5
dance or dead.mp3,Unknown,Trap - Future Bass,8,3
Cycles.mp3,Unknown,Drum & Bass,16,7
Survival.mp3,Unknown,Dubstep,23,3
Innerbloom.mp3,Unknown,Tech House,11,8
Elastic.mp3,Unknown,Electronica,22,1
Jure Mo Tuhe.mp3,Unknown,Ambient - Experimental,18,3
Pura.mp3,Unknown,Electronica,19,7
Body Burning.mp3,Unknown,140 - Deep Dubstep - Grime,2,3
The Bigger Tutti.mp3,Unknown,Ambient - Experimental,13,8
Monotone 3.mp3,Unknown,Ambient - Experimental,18,3
Back With It.mp3,Unknown,Drum & Bass,15,5
Motukauatiti (Corsair Bay).mp3,Unknown,Ambient - Experimental,27,3
French Love Poem.mp3,Unknown,Trap - Future Bass,8,3
Kambo.mp3,Unknown,Psy-Trance,4,8
Assembly Line.mp3,Unknown,Ambient - Experimental,18,3
Texture [00​​​.​​​4].mp3,Unknown,Ambient - Experimental,18,3
Loving Me.mp3,Unknown,Dubstep,8,3
artificial jazz.mp3,Unknown,Bass - Club,16,7
Rubber Dub.mp3,Unknown,Dubstep,23,3
GET SMACKED.mp3,Unknown,Dubstep,23,3
Trippin'.mp3,Unknown,Drum & Bass,16,7
Aim High.mp3,Unknown,Drum & Bass,9,5
Secret Valley.mp3,Unknown,Psy-Trance,14,8
On Being.mp3,Unknown,Ambient - Experimental,18,3
Air.mp3,Unknown,Drum & Bass,16,7
Nocturnal Energy.mp3,Unknown,Breaks - Breakbeat - UK Bass,1,1
One More Time.mp3,Unknown,Drum & Bass,16,7
Non Stop.mp3,Unknown,Drum & Bass,16,7
Intro.mp3,Unknown,Ambient - Experimental,18,3
One Spliff.mp3,Unknown,140 - Deep Dubstep - Grime,12,3
Flip It.mp3,Unknown,Bass - Club,8,3
American Dream.mp3,Unknown,Organic House,20,5
This Is Just a Ride.mp3,Unknown,DJ Tools,10,2
Kumbá.mp3,Unknown,Psy-Trance,29,8
Coolio.mp3,Unknown,Psy-Trance,29,8
Finally.mp3,Unknown,DJ Tools,31,3
FEEL LIKE ME.mp3,Unknown,Breaks - Breakbeat - UK Bass,24,5
Dorcas.mp3,Unknown,Ambient - Experimental,27,3
HARDEST MFS.mp3,Unknown,Dubstep,23,3
Replicant.mp3,Unknown,Psy-Trance,29,8
Sars Requiem.mp3,Unknown,Ambient - Experimental,28,2
Crying Woodcock.mp3,Unknown,Ambient - Experimental,18,3
Power (feat. Grabbitz).mp3,Unknown,Dubstep,23,3
6AM.mp3,Unknown,DJ Tools,12,3
The Martians.mp3,Unknown,DJ Tools,10,2
True Religion (feat. Isabella Lovestory & PinkPantheress).mp3,Unknown,Trap - Future Bass,2,3
Path to Eternity.mp3,Unknown,Psy-Trance,29,8
Hideaway.mp3,Unknown,Ambient - Experimental,18,3
Presence.mp3,Unknown,Downtempo,9,5
Desert Blossom.mp3,Unknown,Downtempo,20,5
Everything feat. Meggy.mp3,Unknown,DJ Tools,10,2
Funk 99.mp3,Unknown,Amapiano,12,3
Sun Is Shining.mp3,Unknown,DJ Tools,10,2
Living for the Weekend feat. Ika.mp3,Unknown,DJ Tools,31,3
Dub4489.mp3,Unknown,Amapiano,9,5
Field.mp3,Unknown,Ambient - Experimental,18,3
soft g.mp3,Unknown,Ambient - Experimental,18,3
Dystopia.mp3,Unknown,Drum & Bass,16,7
Blue Astra.mp3,Unknown,Drum & Bass,12,3
Revolution 909.mp3,Unknown,DJ Tools,31,3
Ballin'.mp3,Unknown,Drum & Bass,16,7
Be Free Intro.mp3,Unknown,DJ Tools,21,3
Wildfire.mp3,Unknown,Drum & Bass,16,7
Supersonic (My Existence).mp3,Unknown,Trap - Future Bass,2,3
Kalahari.mp3,Unknown,Downtempo,22,1
The Thinking Space.mp3,Unknown,Ambient - Experimental,18,3
Tijuana.mp3,Unknown,Progressive House,32,8
"mental.states #6 [loud, too loud, right from the morning].mp3",Unknown,Ambient - Experimental,12,3
God Made Me Phunky.mp3,Unknown,DJ Tools,28,2
Feel This Way.mp3,Unknown,Melodic House & Techno,32,7
House For All.mp3,Unknown,DJ Tools,28,2
Lost in Translation.mp3,Unknown,Electronica,14,8
Tech Tech Tech.mp3,Unknown,Indie Dance,17,7
What Chicago.mp3,Unknown,Jackin House,12,3
Shall We Begin.mp3,Unknown,Downtempo,18,3
Loca.mp3,Unknown,Tech House,1,1
The Summit.mp3,Unknown,Electronica,6,3
Bad Guy.mp3,Unknown,Breaks - Breakbeat - UK Bass,19,7
Won't Forget You.mp3,Unknown,DJ Tools,10,2
The Cure & The Cause.mp3,Unknown,DJ Tools,21,3
Peace Of Mind.mp3,Unknown,Electro (Classic - Detroit - Modern),3,4
Give Me Love.mp3,Unknown,Trance (Main Floor),1,1
Earth.mp3,Unknown,Electro (Classic - Detroit - Modern),1,1
em & aitch.mp3,Unknown,Bass - Club,17,7
Elektrop.mp3,Unknown,Electro (Classic - Detroit - Modern),22,1
Hey Boy Hey Girl.mp3,Unknown,Electronica,6,3
I NEED U.mp3,Unknown,Electronica,14,8
Radio Telescopes.mp3,Unknown,Ambient - Experimental,6,3
Heaven feat. Andreya Triana.mp3,Unknown,DJ Tools,21,3
Cock Blockers feat. Ricky Spitzz!.mp3,Unknown,DJ Tools,28,2
The Last Embrace.mp3,Unknown,Ambient - Experimental,20,5
LA COVACHA.mp3,Unknown,Bass - Club,1,1
Dreamachine.mp3,Unknown,Electro (Classic - Detroit - Modern),33,7
Pink Monkeys.mp3,Unknown,Techno (Peak Time - Driving),29,7
Dimension.mp3,Unknown,Psy-Trance,29,7
Xăm Hường.mp3,Unknown,Ambient - Experimental,18,3
Still Here.mp3,Unknown,Bass - Club,12,3
Free Tibet.mp3,Unknown,Psy-Trance,22,1
Funk Master.mp3,Unknown,140 - Deep Dubstep - Grime,17,7
Chicken Garaage.mp3,Unknown,Bass - Club,1,1
I See You.mp3,Unknown,Trap - Future Bass,6,3
Ghost Producer Versus the Artificial Intelligence Pt.3 A Deeper State of Dub.mp3,Unknown,Ambient - Experimental,18,3
Sacred Cycles.mp3,Unknown,Trance (Raw - Deep - Hypnotic),22,1
6 a.m..mp3,Unknown,Ambient - Experimental,18,3
Turn Me Out feat. Kathy Brown.mp3,Unknown,DJ Tools,31,3
Harmony.mp3,Unknown,Dubstep,2,3
Feelin U.mp3,Unknown,UK Garage - Bassline,4,8
NNNN.mp3,Unknown,Breaks - Breakbeat - UK Bass,17,7
Is It All.mp3,Unknown,140 - Deep Dubstep - Grime,8,3
Daun.mp3,Unknown,Ambient - Experimental,18,3
Sphinx.mp3,Unknown,Electro (Classic - Detroit - Modern),9,5
take your vibes and go.mp3,Unknown,Trap - Future Bass,17,7
take your vibes and go.mp3,Unknown,140 - Deep Dubstep - Grime,17,7
Pendiente.mp3,Unknown,Bass - Club,3,4
Night.mp3,Unknown,140 - Deep Dubstep - Grime,17,7
Ganja Tape.mp3,Unknown,Dubstep,6,3
Tears.mp3,Unknown,Trap - Future Bass,8,3
Moonraker.mp3,Unknown,DJ Tools,27,3
Disco.mp3,Unknown,Trap - Future Bass,8,3
Heaven Will Come.mp3,Unknown,Ambient - Experimental,10,2
THE BROTHERS.mp3,Unknown,Dubstep,31,3
Legend.mp3,Unknown,Psy-Trance,22,1
Abomination.mp3,Unknown,140 - Deep Dubstep - Grime,2,3
Anti War Dub feat. Spen G.mp3,Unknown,Bass - Club,2,3
Dub Dissonance.mp3,Unknown,Techno (Raw - Deep - Hypnotic),11,7
Go Back feat. Julia Church.mp3,Unknown,Drum & Bass,26,7
Te Karoro Karoro (New Brighton Estuary).mp3,Unknown,Ambient - Experimental,18,3
Tactile.mp3,Unknown,Ambient - Experimental,18,3
All One.mp3,Unknown,Psy-Trance,29,8
Warp Line.mp3,Unknown,140 - Deep Dubstep - Grime,24,5
CONTROL.mp3,Unknown,140 - Deep Dubstep - Grime,8,3
I Need More Energy.mp3,Unknown,Psy-Trance,22,1
The House Of House.mp3,Unknown,Hard Dance - Hardcore - Neo Rave,26,8
There Was A Time.mp3,Unknown,DJ Tools,28,2
Under An Orange Sky.mp3,Unknown,Ambient - Experimental,18,3
Cocaine Dealer Intro.mp3,Unknown,DJ Tools,21,3
President House.mp3,Unknown,DJ Tools,31,3
Earthlights.mp3,Unknown,Trance (Raw - Deep - Hypnotic),14,8
You & Me.mp3,Unknown,Afro House,6,3
Te Whakaraupō (Lyttelton Harbour).mp3,Unknown,Ambient - Experimental,18,3
Set Me Free.mp3,Unknown,Mainstage,14,8
Never Go Back.mp3,Unknown,Mainstage,20,5
The Rumble.mp3,Unknown,Organic House,14,8
Memory Loop.mp3,Unknown,Ambient - Experimental,18,3
Glisten.mp3,Unknown,Ambient - Experimental,18,3
GET DOWN.mp3,Unknown,Dubstep,2,3
Parallels.mp3,Unknown,Ambient - Experimental,14,8
Absence.mp3,Unknown,Ambient - Experimental,18,3
Bounce VIP.mp3,Unknown,Drum & Bass,8,3
I Get Deep.mp3,Unknown,DJ Tools,31,3
"Love In Space Pt. 2 (feat. Harald Popp, Lu).mp3",Unknown,Ambient - Experimental,18,3
The Difference.mp3,Unknown,Bass - Club,3,4
Slave To The Rythm.mp3,Unknown,DJ Tools,2,3
Sunrise Song.mp3,Unknown,Downtempo,18,3
Wake.mp3,Unknown,Downtempo,12,3
Lost In Music.mp3,Unknown,Nu Disco - Disco,9,5
Castles In The Sky.mp3,Unknown,Drum & Bass,6,3
Magharibi.mp3,Unknown,Downtempo,6,3
Hoodlum FC.mp3,Unknown,140 - Deep Dubstep - Grime,24,5
U Won't C Me.mp3,Unknown,DJ Tools,31,3
Gipsy Queen.mp3,Unknown,Psy-Trance,29,7
Internationale Raumstation.mp3,Unknown,Ambient - Experimental,22,1
Love Story.mp3,Unknown,Electronica,14,8
LOYAL.mp3,Unknown,Electronica,19,7
Two.mp3,Unknown,Ambient - Experimental,31,3
Startrack.mp3,Unknown,Bass - Club,1,1
ReBirth.mp3,Unknown,Drum & Bass,26,7
Rush.mp3,Unknown,Ambient - Experimental,22,1
15°C.mp3,Unknown,Ambient - Experimental,33,7
Jahbulam.mp3,Unknown,Psy-Trance,29,7
Triumphator.mp3,Unknown,Electro (Classic - Detroit - Modern),22,1
Equator.mp3,Unknown,Techno (Raw - Deep - Hypnotic),3,4
Backspin Bass.mp3,Unknown,Dubstep,2,3
L.O.V.E.mp3,Unknown,Electronica,32,7
Hallelujah Anyway.mp3,Unknown,DJ Tools,31,3
Grindhouse.mp3,Unknown,Techno (Peak Time - Driving),32,7
Superfluid.mp3,Unknown,Trance (Raw - Deep - Hypnotic),22,1
Dance of Energy.mp3,Unknown,Psy-Trance,29,8
Believe It.mp3,Unknown,Trap - Future Bass,2,3
My Beat feat. Palmer Brown.mp3,Unknown,DJ Tools,28,2
Back Home.mp3,Unknown,Electro (Classic - Detroit - Modern),16,7
Set Me Free.mp3,Unknown,Trap - Future Bass,16,7
Pwiu.mp3,Unknown,Techno (Raw - Deep - Hypnotic),22,1
How We Feelin'.mp3,Unknown,Breaks - Breakbeat - UK Bass,17,7
Floating on the Surface.mp3,Unknown,Electronica,11,7
Down Low.mp3,Unknown,Dubstep,20,5
Ways To Die.mp3,Unknown,Hard Techno,4,8
Gem Lingo (ovr now).mp3,Unknown,Electronica,2,3
Cosmic Reef.mp3,Unknown,Electro (Classic - Detroit - Modern),11,7
Big Fi Dem.mp3,Unknown,UK Garage - Bassline,7,5
Identity Malfunction.mp3,Unknown,Electro (Classic - Detroit - Modern),22,1
Dirty Cash (Money Talks).mp3,Unknown,House,12,3
Ruby.mp3,Unknown,Ambient - Experimental,18,3
Ppl.mp3,Unknown,Bass - Club,11,7
Superstealth.mp3,Unknown,140 - Deep Dubstep - Grime,24,5
Rare Vinyl Snippets.mp3,Unknown,DJ Tools,31,3
Water.mp3,Unknown,Ambient - Experimental,18,3
Swimming.mp3,Unknown,Ambient - Experimental,10,2
ONE FOR YOU.mp3,Unknown,Dubstep,2,3
System Shock.mp3,Unknown,Dubstep,2,3
4th.mp3,Unknown,Ambient - Experimental,28,2
Blaze.mp3,Unknown,Hard Dance - Hardcore - Neo Rave,4,7
Luz (Acapella).mp3,Unknown,DJ Tools,10,2
Bulletin.mp3,Unknown,140 - Deep Dubstep - Grime,2,3
Mete.mp3,Unknown,140 - Deep Dubstep - Grime,17,7
Fall Away.mp3,Unknown,Dubstep,6,3
Firestarter.mp3,Unknown,Trance (Main Floor),32,8
Set Me Free.mp3,Unknown,Dubstep,2,3
Crimson Ride.mp3,Unknown,Trance (Raw - Deep - Hypnotic),14,7
K9.mp3,Unknown,Techno (Raw - Deep - Hypnotic),22,1
Rewind.mp3,Unknown,Psy-Trance,4,7
Àite domhainn.mp3,Unknown,Ambient - Experimental,31,3
Phreaky MF.mp3,Unknown,DJ Tools,10,2
Nightshade.mp3,Unknown,Psy-Trance,29,8
Hide U.mp3,Unknown,DJ Tools,31,3
On Rotation.mp3,Unknown,140 - Deep Dubstep - Grime,2,3
Gravitational Wave.mp3,Unknown,Hard Techno,14,8
Skrrr.mp3,Unknown,Bass - Club,3,4
GATEKEEPER.mp3,Unknown,Dubstep,23,3
Spaceman Dub.mp3,Unknown,Trance (Raw - Deep - Hypnotic),14,7
Infinity + 1.mp3,Unknown,Psy-Trance,11,7
Flight NZ29 Houston To Auckland.mp3,Unknown,Ambient - Experimental,18,3
Letters to the Light (feat. Mehrshad khanj).mp3,Unknown,Ambient - Experimental,18,3
The Journey Begins.mp3,Unknown,Trap - Future Bass,2,3
Agua.mp3,Unknown,Downtempo,6,3
Ha Ha.mp3,Unknown,Hard Dance - Hardcore - Neo Rave,23,3
Feed Your Soul.mp3,Unknown,Drum & Bass,8,3
Hard House.mp3,Unknown,DJ Tools,9,5
Doing It.mp3,Unknown,Deep House,0,7
Heartbreaker (feat. Emmet Read).mp3,Unknown,Indie Dance,6,3
Coda.mp3,Unknown,Electronica,14,8
OBJCT FNTSY.mp3,Unknown,Electro (Classic - Detroit - Modern),9,5
Angel of Mine.mp3,Unknown,Dance - Pop,2,3
Listen to the Bass.mp3,Unknown,Minimal - Deep Tech,0,7
Baby.mp3,Unknown,Bass House,11,7
RESPEK feat. Topaz Jones feat. Ezri.mp3,Unknown,Electronica,2,3
Never Gonna Stop.mp3,Unknown,UK Garage - Bassline,16,7
Clash of Emotions.mp3,Unknown,Trance (Raw - Deep - Hypnotic),29,7
Hush.mp3,Unknown,140 - Deep Dubstep - Grime,2,3
Destination.mp3,Unknown,Electro (Classic - Detroit - Modern),22,1
Story Of My Life feat. Imaani.mp3,Unknown,DJ Tools,31,3
My Soul.mp3,Unknown,Electronica,9,5
Faith Apella.mp3,Unknown,DJ Tools,2,3
stayinit.mp3,Unknown,Breaks - Breakbeat - UK Bass,11,7
Triple It.mp3,Unknown,Bass - Club,0,7
Desire.mp3,Unknown,Deep House,11,7
Put The Lights Out.mp3,Unknown,Bass - Club,11,7
Test Your Fitness.mp3,Unknown,Trance (Raw - Deep - Hypnotic),1,1
Segmentation Fault.mp3,Unknown,Electro (Classic - Detroit - Modern),2,3
Freezer.mp3,Unknown,Trap - Future Bass,2,3
Out of Control.mp3,Unknown,140 - Deep Dubstep - Grime,2,3
Good Life.mp3,Unknown,DJ Tools,31,3
Stamina.mp3,Unknown,Bass - Club,9,5
Junk.mp3,Unknown,Breaks - Breakbeat - UK Bass,33,7
Pig.mp3,Unknown,Bass - Club,9,5
Echoes of Us.mp3,Unknown,Trance (Raw - Deep - Hypnotic),32,7
Blah Blah Blah.mp3,Unknown,DJ Tools,31,3
Realign.mp3,Unknown,Trap - Future Bass,2,3
Superstar DJ.mp3,Unknown,DJ Tools,2,3
20°C.mp3,Unknown,Ambient - Experimental,33,7
Corviche.mp3,Unknown,Bass - Club,9,5
Binary Fate.mp3,Unknown,Techno (Raw - Deep - Hypnotic),29,7
Pagan.mp3,Unknown,140 - Deep Dubstep - Grime,9,5
i miss u.mp3,Unknown,Psy-Trance,14,7
I Won't Be Ur Drug VIP.mp3,Unknown,Dubstep,2,3
Weird & ODD.mp3,Unknown,Dubstep,2,3
LETHAL.mp3,Unknown,Dubstep,2,3
With me.mp3,Unknown,Dubstep,2,3
We Become Light.mp3,Unknown,Psy-Trance,22,1
WAKE AND BREAK.mp3,Unknown,Bass - Club,2,3
easyy.mp3,Unknown,Trap - Future Bass,9,5
Death Wish.mp3,Unknown,140 - Deep Dubstep - Grime,2,3
with vengeance.mp3,Unknown,140 - Deep Dubstep - Grime,2,3
Takedown.mp3,Unknown,140 - Deep Dubstep - Grime,9,5
Shades.mp3,Unknown,Trance (Raw - Deep - Hypnotic),14,8
Freedom 2.mp3,Unknown,Breaks - Breakbeat - UK Bass,2,3
Jabber Jaws.mp3,Unknown,140 - Deep Dubstep - Grime,2,3
LIKE ME.mp3,Unknown,Trap - Future Bass,2,3
Dead To Me.mp3,Unknown,Trap - Future Bass,24,5
Boys.mp3,Unknown,Bass - Club,2,3
Never Serious.mp3,Unknown,140 - Deep Dubstep - Grime,9,5
West End Wobbler.mp3,Unknown,140 - Deep Dubstep - Grime,2,3
Toma.mp3,Unknown,140 - Deep Dubstep - Grime,17,7
Migration Riddim.mp3,Unknown,140 - Deep Dubstep - Grime,2,3
Mellow Man.mp3,Unknown,140 - Deep Dubstep - Grime,17,7
GUMMI.mp3,Unknown,Mainstage,4,7
Where You Stumble Lies Your Treasure.mp3,Unknown,140 - Deep Dubstep - Grime,33,7
Style.mp3,Unknown,140 - Deep Dubstep - Grime,12,3
WHERE'S MY VAPE?.mp3,Unknown,UK Garage - Bassline,2,3
All Black.mp3,Unknown,Trap - Future Bass,2,3
Oh No.mp3,Unknown,Bass - Club,9,5
i wanna dance.mp3,Unknown,Electronica,16,7
Active.mp3,Unknown,140 - Deep Dubstep - Grime,12,3
Red Gate.mp3,Unknown,Techno (Raw - Deep - Hypnotic),11,7
Jordan 1s.mp3,Unknown,Bass - Club,2,3
Crystal Clear.mp3,Unknown,140 - Deep Dubstep - Grime,2,3
Shake the Club.mp3,Unknown,Bass - Club,1,1
Move to the beat.mp3,Unknown,Dubstep,2,3
Movimento.mp3,Unknown,Bass - Club,11,7
Fu*k The System.mp3,Unknown,Mainstage,16,7
Rave Repeater.mp3,Unknown,Dubstep,2,3
Electronic Malfunction.mp3,Unknown,Trance (Main Floor),14,8
BUCKLE UP.mp3,Unknown,Dubstep,2,3
Love Divine feat. Phebe Edwards.mp3,Unknown,DJ Tools,10,2
Nu Anger.mp3,Unknown,Dubstep,2,3
EVIL EMPIRE.mp3,Unknown,Dubstep,2,3
LASER BRAIN.mp3,Unknown,Dubstep,2,3
Prism.mp3,Unknown,Psy-Trance,3,4
A Street I Know.mp3,Unknown,Trap - Future Bass,22,1
The Iceman Intro.mp3,Unknown,DJ Tools,31,3
Blackout.mp3,Unknown,140 - Deep Dubstep - Grime,2,3
FIRE PALACE.mp3,Unknown,Dubstep,2,3
HOGS CORNER.mp3,Unknown,Dubstep,2,3
Infinity Jungle.mp3,Unknown,Techno (Raw - Deep - Hypnotic),22,1
GOOD 4 U.mp3,Unknown,Dubstep,2,3
Step Prep.mp3,Unknown,140 - Deep Dubstep - Grime,2,3
Dusk At Te Hoiere (Pelorus River).mp3,Unknown,Ambient - Experimental,20,5
Da Da Da (the arp song).mp3,Unknown,Trap - Future Bass,6,3
Plur.mp3,Unknown,Trance (Main Floor),20,5
Take Your Light.mp3,Unknown,Trap - Future Bass,2,3
Vendetta.mp3,Unknown,Psy-Trance,14,8
Die Welt Brennt.mp3,Unknown,Hard Techno,6,3
Serpentine 3.mp3,Unknown,Ambient - Experimental,22,1
Hydrate.mp3,Unknown,Trap - Future Bass,9,5
Bullet Rain (feat. Kamiyada+).mp3,Unknown,Dubstep,2,3
Router 66.mp3,Unknown,Hard Techno,2,3
Freak On.mp3,Unknown,Dubstep,2,3
MERCILESS.mp3,Unknown,Dubstep,2,3
Daddy's Issue.mp3,Unknown,Hard Dance - Hardcore - Neo Rave,25,7
1°C.mp3,Unknown,Ambient - Experimental,21,3
Dust.mp3,Unknown,Trap - Future Bass,2,3
Acid Haka.mp3,Unknown,Hard Techno,25,7
Last Night.mp3,Unknown,Bass - Club,3,4
Boy U Nasty.mp3,Unknown,Bass - Club,11,7
Dune.mp3,Unknown,Psy-Trance,29,7
Fatima.mp3,Unknown,Bass - Club,17,7
Up The Place.mp3,Unknown,Bass - Club,12,3
C4 Explosive.mp3,Unknown,Hard Techno,15,5
All I Want feat. Jake Shears.mp3,Unknown,DJ Tools,28,2
Glorified Blessings Acapella.mp3,Unknown,DJ Tools,20,5
Over you.mp3,Unknown,Trap - Future Bass,2,3
Good Vibration Intro.mp3,Unknown,DJ Tools,31,3
Beneath The Surface.mp3,Unknown,Ambient - Experimental,14,8
Like A Boss.mp3,Unknown,Hard Dance - Hardcore - Neo Rave,2,3
On Fire.mp3,Unknown,Hard Dance - Hardcore - Neo Rave,2,3
Nebife.mp3,Unknown,Downtempo,25,7
Put It On You feat. Lydia Rhodes.mp3,Unknown,DJ Tools,20,5
KOKEEN.mp3,Unknown,Hard Dance - Hardcore - Neo Rave,15,5
Sweet Memories.mp3,Unknown,Dubstep,2,3
The First Rebirth.mp3,Unknown,Hard Dance - Hardcore - Neo Rave,25,7
Bombalaya.mp3,Unknown,Drum & Bass,2,3
Raving In The Studio.mp3,Unknown,Drum & Bass,25,7
Wicked & Dark.mp3,Unknown,Drum & Bass,2,3
Get Outta Here.mp3,Unknown,Drum & Bass,25,7
Move.mp3,Unknown,Drum & Bass,25,7
Insomnia.mp3,Unknown,Drum & Bass,25,7
Light Up.mp3,Unknown,Drum & Bass,24,5
Challenger.mp3,Unknown,Drum & Bass,25,7
Cascade.mp3,Unknown,Drum & Bass,25,7
Ultrasound.mp3,Unknown,Drum & Bass,25,7
Risk It All (feat. Maverick Sabre).mp3,Unknown,Drum & Bass,25,7
Bad Boy Horns.mp3,Unknown,Drum & Bass,25,7
Danger Zone.mp3,Unknown,Drum & Bass,25,7
I Exist Inside This Machine.mp3,Unknown,Ambient - Experimental,20,5
leavemealone.mp3,Unknown,Drum & Bass,25,7
Out of Body.mp3,Unknown,Drum & Bass,25,7
Back To Life (feat. Julia Church).mp3,Unknown,Drum & Bass,23,3
Stop & Search.mp3,Unknown,Drum & Bass,24,5
Bounce.mp3,Unknown,Drum & Bass,25,7
Let Me.mp3,Unknown,Drum & Bass,2,3
It's That Time (Dimension Remix).mp3,Unknown,Drum & Bass,25,7
Earthquake.mp3,Unknown,Drum & Bass,24,5
H2O.mp3,Unknown,Drum & Bass,24,5
Action.mp3,Unknown,Drum & Bass,25,7
Pressure.mp3,Unknown,Drum & Bass,25,7
There In 10.mp3,Unknown,Drum & Bass,25,7
Baddadan.mp3,Unknown,Drum & Bass,25,7
Push The Tempo.mp3,Unknown,Drum & Bass,25,7
Round + Round.mp3,Unknown,Drum & Bass,24,5
Make It Pump.mp3,Unknown,Drum & Bass,24,5
Down like Me.mp3,Unknown,Drum & Bass,25,7
The Inspector.mp3,Unknown,Drum & Bass,24,5
Born Again.mp3,Unknown,Drum & Bass,2,3
FFO.mp3,Unknown,Drum & Bass,2,3
"Stop, Go.mp3",Unknown,Drum & Bass,25,7
Buried Alive.mp3,Unknown,Electronica,15,5
Ready 4 It.mp3,Unknown,Drum & Bass,24,5
Transmitter feat. Jakes.mp3,Unknown,Drum & Bass,25,7
Faceplant On The Galaxy.mp3,Unknown,Dubstep,2,3
All The Small Things.mp3,Unknown,Hard Dance - Hardcore - Neo Rave,25,7
Wackelkontakt.mp3,Unknown,Dance - Pop,25,7
PEANUT BUTTER.mp3,Unknown,Dubstep,6,3
Prayana.mp3,Unknown,Downtempo,25,7
Manna.mp3,Unknown,Ambient - Experimental,18,3
BACKBONE.mp3,Unknown,Drum & Bass,24,5
Joyride Alternate.mp3,Unknown,Ambient - Experimental,18,3
Abyss.mp3,Unknown,Drum & Bass,2,3
A Sense Of Getting Closer.mp3,Unknown,Ambient - Experimental,5,6
Godspeed.mp3,Unknown,Trance (Raw - Deep - Hypnotic),14,8
Home Run.mp3,Unknown,Drum & Bass,2,3
Unwind.mp3,Unknown,Drum & Bass,25,7
